{"type":"FeatureCollection","features":[{"type":"Feature","properties":{"name":"Montana","source":"Montana State Library MSDI Administrative Boundaries (msdi_administrative_boundaries_map_v1/9), simplified to ~22 m tolerance"},"geometry":{"type":"Polygon","coordinates":[[[-109.748004,48.999946],[-110.648472,48.998786],[-111.575746,48.996701],[-112.044912,48.998732],[-112.083315,48.998527],[-112.494368,48.998787],[-112.990325,48.998622],[-113.510342,48.997763],[-113.582485,48.998115],[-113.694786,48.997497],[-113.906053,48.998672],[-114.068195,48.998861],[-114.361943,49.001103],[-114.515343,49.001043],[-115.030942,48.999675],[-115.181028,48.999565],[-115.633746,49.000778],[-116.049101,49.00085],[-116.049124,47.976846],[-116.044362,47.974609],[-116.042465,47.974132],[-116.03998,47.971936],[-116.038822,47.971417],[-116.030403,47.972624],[-116.028359,47.97057],[-116.027822,47.968649],[-116.024362,47.966391],[-116.024047,47.965458],[-116.021819,47.964115],[-116.018787,47.9629],[-116.018137,47.961269],[-116.01615,47.958661],[-116.014226,47.957368],[-116.013768,47.956276],[-116.011772,47.954003],[-116.009962,47.95302],[-116.0075,47.950789],[-116.007219,47.946918],[-116.007468,47.945319],[-116.00688,47.944622],[-116.006675,47.943347],[-116.004644,47.942397],[-116.003004,47.9406],[-115.998544,47.938906],[-115.998093,47.93843],[-115.998368,47.936623],[-115.995106,47.933818],[-115.994951,47.931415],[-115.993266,47.928714],[-115.994058,47.927069],[-115.99339,47.925983],[-115.989206,47.923867],[-115.985331,47.923067],[-115.984596,47.922511],[-115.983828,47.921688],[-115.98288,47.91977],[-115.983073,47.916296],[-115.98246,47.915643],[-115.978324,47.91453],[-115.976115,47.914623],[-115.972498,47.914108],[-115.96928,47.914299],[-115.966482,47.912143],[-115.965435,47.910858],[-115.965399,47.910203],[-115.966184,47.907561],[-115.966359,47.905372],[-115.968381,47.900869],[-115.968404,47.899256],[-115.96638,47.898323],[-115.960217,47.898039],[-115.956442,47.895502],[-115.954102,47.894527],[-115.953169,47.893803],[-115.952521,47.891778],[-115.950767,47.890342],[-115.949764,47.88901],[-115.947507,47.888571],[-115.947259,47.887408],[-115.946395,47.886351],[-115.945635,47.885852],[-115.942724,47.885214],[-115.941558,47.883873],[-115.940426,47.883295],[-115.939238,47.881879],[-115.938024,47.8811],[-115.936712,47.879526],[-115.935316,47.876122],[-115.935798,47.874919],[-115.935496,47.87416],[-115.93176,47.872202],[-115.928925,47.868455],[-115.92523,47.86685],[-115.925039,47.864977],[-115.9246,47.864249],[-115.919437,47.857455],[-115.918937,47.855647],[-115.9189,47.853627],[-115.911738,47.853364],[-115.909382,47.85267],[-115.906506,47.850289],[-115.906436,47.849422],[-115.907111,47.847504],[-115.906835,47.84639],[-115.905624,47.845916],[-115.904152,47.844727],[-115.901113,47.843013],[-115.898572,47.843952],[-115.897248,47.845131],[-115.893456,47.845552],[-115.886068,47.84831],[-115.882619,47.84897],[-115.881558,47.849607],[-115.878702,47.846057],[-115.875591,47.843735],[-115.874333,47.841429],[-115.87358,47.838671],[-115.87192,47.8371],[-115.870756,47.834969],[-115.867583,47.833736],[-115.864301,47.8333],[-115.859314,47.831056],[-115.857928,47.829698],[-115.855339,47.828217],[-115.852327,47.827864],[-115.850848,47.825734],[-115.850552,47.824225],[-115.850771,47.821337],[-115.850536,47.820861],[-115.84963,47.819669],[-115.847687,47.818391],[-115.845081,47.815006],[-115.847085,47.812309],[-115.848543,47.811065],[-115.848786,47.810098],[-115.847396,47.803545],[-115.847537,47.802673],[-115.848891,47.800377],[-115.846131,47.79513],[-115.845792,47.793787],[-115.847528,47.786716],[-115.847369,47.785101],[-115.845655,47.783523],[-115.840561,47.780362],[-115.840701,47.778586],[-115.840442,47.777908],[-115.837126,47.774196],[-115.836336,47.771755],[-115.835077,47.770127],[-115.835451,47.768817],[-115.835041,47.766881],[-115.835529,47.763852],[-115.835461,47.761531],[-115.83347,47.758821],[-115.832624,47.756789],[-115.830926,47.755043],[-115.82501,47.75238],[-115.822331,47.753075],[-115.814758,47.756092],[-115.81065,47.756101],[-115.804625,47.758148],[-115.80344,47.758308],[-115.800985,47.75763],[-115.797515,47.75734],[-115.795155,47.754196],[-115.794057,47.7533],[-115.793444,47.751733],[-115.786089,47.748377],[-115.784606,47.746665],[-115.782865,47.745646],[-115.78255,47.744768],[-115.781018,47.74319],[-115.780885,47.741931],[-115.781348,47.740661],[-115.782118,47.73933],[-115.783489,47.738329],[-115.783675,47.737688],[-115.783576,47.73661],[-115.782546,47.734833],[-115.784266,47.731862],[-115.784274,47.729969],[-115.782756,47.728258],[-115.780004,47.723258],[-115.778482,47.72218],[-115.777167,47.720382],[-115.773458,47.717574],[-115.769722,47.718133],[-115.766703,47.717241],[-115.764584,47.717412],[-115.759491,47.719215],[-115.757298,47.718003],[-115.753114,47.717013],[-115.751295,47.715052],[-115.745242,47.712024],[-115.742355,47.711712],[-115.740029,47.708978],[-115.73137,47.704948],[-115.730669,47.703413],[-115.72806,47.701696],[-115.72431,47.696673],[-115.722664,47.695124],[-115.724306,47.692722],[-115.724815,47.690018],[-115.725609,47.688429],[-115.725409,47.686568],[-115.727352,47.684605],[-115.727555,47.682736],[-115.728298,47.681713],[-115.726524,47.675246],[-115.726344,47.673712],[-115.726605,47.67287],[-115.727681,47.672],[-115.729664,47.671275],[-115.732189,47.668216],[-115.732305,47.667576],[-115.731284,47.666461],[-115.730963,47.66435],[-115.731562,47.662905],[-115.731419,47.661694],[-115.733938,47.657367],[-115.736396,47.655172],[-115.736524,47.653816],[-115.73475,47.651621],[-115.733858,47.648339],[-115.731258,47.645864],[-115.731539,47.645183],[-115.731344,47.643942],[-115.72988,47.641926],[-115.727039,47.64086],[-115.725901,47.639979],[-115.722123,47.639127],[-115.716761,47.636654],[-115.713158,47.63545],[-115.709819,47.635256],[-115.707689,47.63472],[-115.707235,47.634127],[-115.704469,47.632473],[-115.703211,47.630152],[-115.699859,47.628821],[-115.698744,47.627712],[-115.698084,47.626187],[-115.696134,47.625333],[-115.69446,47.623766],[-115.694292,47.621306],[-115.693519,47.618196],[-115.691916,47.617235],[-115.69739,47.613697],[-115.698763,47.61198],[-115.698894,47.610949],[-115.697755,47.608527],[-115.69846,47.606584],[-115.697018,47.60356],[-115.695644,47.602609],[-115.692848,47.6018],[-115.693278,47.599832],[-115.691752,47.597247],[-115.691161,47.596845],[-115.689675,47.596596],[-115.687776,47.595305],[-115.688669,47.594228],[-115.692473,47.593018],[-115.696482,47.588902],[-115.702844,47.586488],[-115.7048,47.585048],[-115.705087,47.584396],[-115.704535,47.581244],[-115.705422,47.580005],[-115.705636,47.578208],[-115.706053,47.577631],[-115.711892,47.577748],[-115.720927,47.5764],[-115.721506,47.576163],[-115.722052,47.575395],[-115.722242,47.5721],[-115.723764,47.570601],[-115.725288,47.569882],[-115.728312,47.569288],[-115.730714,47.56959],[-115.732956,47.568545],[-115.736359,47.566267],[-115.737887,47.564563],[-115.73912,47.564476],[-115.740971,47.563452],[-115.741077,47.562809],[-115.74289,47.561726],[-115.744425,47.560083],[-115.744298,47.559002],[-115.744699,47.558549],[-115.751686,47.55351],[-115.754483,47.552537],[-115.755373,47.551093],[-115.755637,47.547938],[-115.754166,47.545759],[-115.752468,47.543962],[-115.75181,47.541986],[-115.746497,47.539871],[-115.745368,47.539809],[-115.742344,47.53833],[-115.740763,47.538292],[-115.736453,47.539798],[-115.733943,47.538985],[-115.731641,47.537301],[-115.731078,47.536365],[-115.730088,47.535597],[-115.727715,47.535379],[-115.725135,47.534124],[-115.719715,47.533428],[-115.718684,47.533457],[-115.717123,47.534227],[-115.716102,47.533145],[-115.713148,47.533298],[-115.71141,47.532373],[-115.71045,47.533141],[-115.706595,47.535025],[-115.70368,47.534204],[-115.702083,47.534215],[-115.70087,47.532581],[-115.698332,47.53138],[-115.697307,47.528879],[-115.695418,47.527718],[-115.699989,47.525819],[-115.700842,47.525713],[-115.702049,47.526354],[-115.702844,47.525936],[-115.705064,47.525756],[-115.707789,47.524404],[-115.71114,47.523425],[-115.711447,47.522018],[-115.71118,47.520923],[-115.711553,47.519137],[-115.711414,47.516776],[-115.708269,47.515029],[-115.708158,47.514321],[-115.706818,47.512119],[-115.70447,47.510065],[-115.700986,47.505893],[-115.699136,47.502648],[-115.698649,47.502279],[-115.692208,47.501742],[-115.690042,47.500768],[-115.688922,47.497904],[-115.688861,47.496098],[-115.688217,47.49445],[-115.687659,47.490938],[-115.686786,47.48864],[-115.686697,47.485943],[-115.68628,47.484946],[-115.682595,47.483971],[-115.680617,47.485708],[-115.677116,47.486467],[-115.673796,47.486393],[-115.667936,47.488826],[-115.664764,47.486083],[-115.662045,47.483142],[-115.660897,47.480335],[-115.661043,47.477853],[-115.655427,47.478202],[-115.653242,47.478122],[-115.651435,47.477546],[-115.648266,47.477732],[-115.647259,47.478015],[-115.644519,47.479816],[-115.636951,47.480645],[-115.634623,47.481621],[-115.632394,47.48033],[-115.629508,47.479615],[-115.632314,47.474998],[-115.631841,47.473088],[-115.634425,47.470512],[-115.635081,47.469085],[-115.634855,47.468219],[-115.635053,47.467203],[-115.637336,47.464019],[-115.637609,47.462827],[-115.639283,47.461475],[-115.639688,47.460062],[-115.640999,47.459392],[-115.645469,47.45819],[-115.64607,47.457109],[-115.646899,47.456637],[-115.651867,47.456036],[-115.654262,47.455101],[-115.656727,47.454588],[-115.659034,47.454875],[-115.661137,47.454126],[-115.664485,47.453848],[-115.666807,47.453907],[-115.670177,47.454553],[-115.671435,47.454462],[-115.673767,47.453478],[-115.675635,47.453222],[-115.677951,47.453764],[-115.679996,47.455918],[-115.682513,47.456929],[-115.685395,47.457312],[-115.691225,47.457211],[-115.692538,47.45666],[-115.693761,47.454627],[-115.695043,47.45453],[-115.69637,47.453567],[-115.70039,47.453153],[-115.702129,47.452507],[-115.710097,47.45338],[-115.713346,47.453332],[-115.71611,47.452886],[-115.721018,47.450442],[-115.725379,47.447603],[-115.729455,47.446604],[-115.729646,47.445929],[-115.734188,47.444282],[-115.737558,47.444029],[-115.740041,47.442791],[-115.741123,47.44259],[-115.746635,47.442317],[-115.747577,47.441939],[-115.749168,47.440656],[-115.749599,47.439507],[-115.749412,47.438805],[-115.750802,47.437763],[-115.75146,47.436772],[-115.7515,47.435331],[-115.752756,47.431663],[-115.75632,47.42951],[-115.757017,47.428776],[-115.757216,47.427787],[-115.759129,47.425258],[-115.759362,47.424227],[-115.75893,47.423407],[-115.75681,47.422503],[-115.752928,47.422567],[-115.750823,47.422119],[-115.746578,47.423287],[-115.742722,47.423563],[-115.73873,47.426379],[-115.737072,47.425544],[-115.735309,47.425157],[-115.731222,47.424815],[-115.726823,47.425174],[-115.724822,47.425639],[-115.721128,47.425704],[-115.721346,47.423147],[-115.720812,47.421116],[-115.720108,47.420585],[-115.716925,47.419953],[-115.716987,47.419213],[-115.716517,47.418367],[-115.714334,47.417212],[-115.713916,47.416381],[-115.712277,47.415448],[-115.703237,47.415567],[-115.70108,47.416319],[-115.699561,47.417255],[-115.699327,47.416732],[-115.697401,47.415446],[-115.695018,47.415105],[-115.69214,47.415346],[-115.691191,47.414875],[-115.688522,47.412507],[-115.685591,47.411148],[-115.681971,47.4109],[-115.67875,47.409934],[-115.675282,47.409383],[-115.676158,47.406741],[-115.67671,47.405974],[-115.676895,47.403536],[-115.67758,47.401792],[-115.675838,47.402505],[-115.673296,47.40249],[-115.671138,47.401752],[-115.667643,47.401169],[-115.667001,47.401806],[-115.665497,47.402021],[-115.663378,47.402888],[-115.657524,47.400471],[-115.657284,47.396281],[-115.655614,47.39421],[-115.654785,47.393652],[-115.649972,47.392335],[-115.649472,47.390369],[-115.647769,47.388434],[-115.646312,47.387775],[-115.646687,47.386332],[-115.647924,47.385512],[-115.64843,47.382438],[-115.646167,47.381202],[-115.64508,47.379268],[-115.643428,47.377346],[-115.636629,47.379735],[-115.630921,47.379186],[-115.625285,47.381193],[-115.620256,47.38183],[-115.618762,47.382562],[-115.617256,47.382542],[-115.612506,47.380902],[-115.609699,47.380716],[-115.605929,47.378153],[-115.601933,47.377495],[-115.601103,47.376701],[-115.600807,47.375846],[-115.599721,47.375184],[-115.599135,47.37416],[-115.596373,47.372431],[-115.595799,47.371725],[-115.591,47.37007],[-115.586439,47.370278],[-115.584221,47.368554],[-115.577657,47.36741],[-115.576039,47.365336],[-115.57688,47.364287],[-115.578348,47.360743],[-115.576451,47.357093],[-115.575078,47.355859],[-115.573448,47.355393],[-115.571189,47.35568],[-115.565844,47.352462],[-115.564169,47.352249],[-115.560326,47.352177],[-115.556862,47.353933],[-115.555104,47.352393],[-115.552039,47.351219],[-115.55078,47.349692],[-115.550515,47.348132],[-115.548858,47.346965],[-115.549542,47.344478],[-115.548833,47.343141],[-115.549396,47.341658],[-115.549206,47.338959],[-115.550702,47.335374],[-115.550489,47.33427],[-115.549664,47.333457],[-115.547313,47.332884],[-115.54538,47.331352],[-115.543552,47.330731],[-115.541965,47.329659],[-115.538851,47.329066],[-115.540874,47.32625],[-115.541138,47.325221],[-115.540891,47.324596],[-115.539463,47.323118],[-115.539384,47.322166],[-115.538675,47.320829],[-115.537396,47.319621],[-115.537077,47.317845],[-115.533149,47.314725],[-115.531294,47.311093],[-115.529855,47.309825],[-115.527918,47.309029],[-115.528907,47.307538],[-115.528118,47.304452],[-115.528608,47.303609],[-115.528903,47.30208],[-115.528524,47.299252],[-115.522252,47.298425],[-115.52036,47.297747],[-115.514606,47.296575],[-115.512152,47.295069],[-115.510784,47.293846],[-115.50852,47.292989],[-115.50745,47.292069],[-115.505393,47.29122],[-115.496367,47.289321],[-115.493992,47.289286],[-115.492051,47.289725],[-115.490853,47.289489],[-115.489101,47.288485],[-115.488683,47.287371],[-115.486823,47.285934],[-115.486427,47.285019],[-115.484504,47.282749],[-115.48228,47.281451],[-115.479436,47.281937],[-115.476182,47.284238],[-115.471822,47.284245],[-115.470277,47.285082],[-115.469468,47.285961],[-115.465834,47.287484],[-115.464373,47.286206],[-115.460896,47.285211],[-115.457742,47.282407],[-115.457125,47.281602],[-115.457633,47.279863],[-115.457319,47.278365],[-115.455924,47.277625],[-115.452942,47.277437],[-115.449655,47.278404],[-115.444702,47.277027],[-115.440269,47.277953],[-115.438079,47.278783],[-115.437217,47.279187],[-115.436479,47.28044],[-115.43248,47.279491],[-115.425984,47.280284],[-115.423095,47.278262],[-115.420491,47.27748],[-115.420752,47.275615],[-115.421721,47.273812],[-115.421727,47.272557],[-115.421404,47.272016],[-115.417835,47.269392],[-115.415119,47.268655],[-115.413744,47.266814],[-115.413287,47.265603],[-115.4116,47.264375],[-115.408276,47.263949],[-115.404405,47.265183],[-115.403405,47.264876],[-115.402112,47.264823],[-115.401131,47.265212],[-115.398869,47.26487],[-115.396187,47.265486],[-115.392108,47.265376],[-115.389505,47.265908],[-115.384683,47.267809],[-115.383781,47.266799],[-115.380712,47.266336],[-115.377713,47.264839],[-115.376138,47.264621],[-115.37171,47.265326],[-115.370934,47.265186],[-115.370284,47.264064],[-115.367138,47.263129],[-115.366547,47.262283],[-115.365339,47.261409],[-115.359236,47.259649],[-115.35805,47.259769],[-115.356321,47.261072],[-115.354747,47.261392],[-115.353865,47.262154],[-115.350029,47.260517],[-115.347997,47.260401],[-115.344855,47.26082],[-115.340458,47.262876],[-115.334003,47.260037],[-115.324017,47.256461],[-115.319826,47.256654],[-115.319688,47.255127],[-115.318825,47.253657],[-115.318399,47.251897],[-115.324447,47.245751],[-115.324638,47.245195],[-115.324386,47.244729],[-115.320498,47.242195],[-115.318506,47.236353],[-115.315835,47.23281],[-115.31107,47.229706],[-115.307004,47.229629],[-115.303174,47.227059],[-115.302222,47.226022],[-115.298811,47.225521],[-115.296993,47.222158],[-115.294945,47.220282],[-115.294276,47.214773],[-115.291546,47.210859],[-115.291468,47.210361],[-115.292113,47.209241],[-115.295614,47.2061],[-115.297148,47.203259],[-115.29839,47.199851],[-115.299111,47.198857],[-115.299519,47.196041],[-115.301242,47.193457],[-115.300672,47.191177],[-115.301001,47.188915],[-115.300593,47.188339],[-115.299294,47.187619],[-115.295107,47.186826],[-115.290913,47.186802],[-115.289318,47.185909],[-115.286913,47.183487],[-115.282864,47.183534],[-115.277709,47.182082],[-115.27259,47.182669],[-115.268009,47.181408],[-115.265602,47.181309],[-115.262887,47.18176],[-115.261839,47.181436],[-115.260317,47.179926],[-115.258781,47.179139],[-115.258037,47.177151],[-115.256213,47.174982],[-115.256045,47.172996],[-115.256559,47.171572],[-115.256757,47.168924],[-115.255478,47.163696],[-115.254218,47.162048],[-115.252878,47.160938],[-115.249357,47.15967],[-115.247452,47.154379],[-115.244636,47.151317],[-115.243123,47.150733],[-115.238183,47.150824],[-115.231757,47.150363],[-115.228219,47.14922],[-115.22545,47.148761],[-115.221909,47.148999],[-115.219599,47.147177],[-115.216706,47.146125],[-115.215173,47.143666],[-115.212547,47.142003],[-115.210244,47.141664],[-115.206181,47.140403],[-115.204591,47.140503],[-115.20291,47.139762],[-115.199056,47.139891],[-115.198956,47.138103],[-115.198247,47.137128],[-115.19432,47.135158],[-115.192689,47.132889],[-115.186003,47.129407],[-115.186912,47.127444],[-115.18628,47.124372],[-115.183616,47.121681],[-115.179312,47.120379],[-115.178779,47.117435],[-115.174026,47.112851],[-115.172918,47.112244],[-115.173526,47.109722],[-115.172191,47.107156],[-115.171668,47.106787],[-115.163207,47.10306],[-115.160903,47.102577],[-115.160125,47.102094],[-115.158783,47.102783],[-115.156074,47.102879],[-115.153301,47.102024],[-115.151574,47.102071],[-115.150028,47.101715],[-115.14727,47.103288],[-115.145784,47.102267],[-115.144146,47.101916],[-115.142797,47.099732],[-115.141093,47.098582],[-115.140178,47.096618],[-115.141152,47.09615],[-115.141606,47.095505],[-115.141761,47.094683],[-115.141396,47.094053],[-115.142072,47.093574],[-115.142587,47.092633],[-115.142688,47.091471],[-115.142183,47.088457],[-115.141446,47.087298],[-115.14169,47.085734],[-115.140089,47.083969],[-115.139473,47.080604],[-115.139635,47.080024],[-115.137842,47.077493],[-115.134932,47.075678],[-115.133681,47.072993],[-115.131848,47.070616],[-115.131174,47.068983],[-115.129616,47.067623],[-115.126751,47.06611],[-115.12486,47.065727],[-115.122499,47.065892],[-115.122014,47.063338],[-115.120916,47.061816],[-115.118343,47.059742],[-115.117661,47.058511],[-115.114738,47.056536],[-115.11244,47.054104],[-115.107887,47.051699],[-115.107415,47.049719],[-115.106071,47.048586],[-115.103554,47.047494],[-115.101961,47.047425],[-115.100563,47.047608],[-115.098023,47.048586],[-115.087441,47.045721],[-115.088339,47.04374],[-115.088378,47.041127],[-115.087332,47.040273],[-115.084907,47.039628],[-115.081871,47.038192],[-115.081622,47.037162],[-115.080873,47.036226],[-115.080631,47.034682],[-115.081168,47.030263],[-115.079814,47.028245],[-115.07568,47.025859],[-115.073499,47.025653],[-115.071694,47.026366],[-115.071765,47.024609],[-115.072283,47.023489],[-115.071202,47.021892],[-115.069716,47.018109],[-115.069353,47.015105],[-115.071031,47.014155],[-115.072778,47.013861],[-115.072785,47.012911],[-115.070918,47.009861],[-115.07062,47.008771],[-115.068888,47.007295],[-115.067662,47.00311],[-115.065152,47.000171],[-115.066004,46.999195],[-115.066241,46.996589],[-115.06779,46.995218],[-115.061153,46.99194],[-115.057282,46.986791],[-115.056705,46.984838],[-115.053253,46.983392],[-115.051477,46.981776],[-115.049971,46.981058],[-115.050681,46.975556],[-115.051971,46.974909],[-115.050861,46.973656],[-115.049815,46.971076],[-115.048803,46.970042],[-115.047979,46.969601],[-115.042152,46.970571],[-115.037351,46.970546],[-115.035292,46.971523],[-115.03137,46.97173],[-115.029446,46.972803],[-115.029253,46.973122],[-115.0297,46.975101],[-115.028613,46.97568],[-115.019945,46.974689],[-115.017404,46.973918],[-115.011742,46.974312],[-115.009826,46.97351],[-115.005243,46.972424],[-115.001372,46.971906],[-115.000976,46.967837],[-114.999457,46.96601],[-114.994311,46.962499],[-114.993835,46.96182],[-114.993553,46.959698],[-114.991776,46.958613],[-114.989519,46.955986],[-114.9857,46.953947],[-114.986481,46.952812],[-114.98674,46.951586],[-114.986529,46.950148],[-114.985483,46.94932],[-114.98313,46.949287],[-114.982325,46.948317],[-114.980663,46.947519],[-114.97845,46.94467],[-114.975906,46.942774],[-114.97518,46.941726],[-114.972156,46.940145],[-114.971352,46.939174],[-114.970262,46.938744],[-114.968489,46.938741],[-114.966267,46.938102],[-114.964557,46.938081],[-114.963955,46.936794],[-114.962645,46.935672],[-114.958807,46.933632],[-114.96093,46.931],[-114.961044,46.930643],[-114.96048,46.929939],[-114.952695,46.926655],[-114.947207,46.926024],[-114.945402,46.924853],[-114.941728,46.923989],[-114.937153,46.921194],[-114.935671,46.919846],[-114.933088,46.919428],[-114.92996,46.919942],[-114.926714,46.919591],[-114.924942,46.918455],[-114.924174,46.917614],[-114.923477,46.915366],[-114.921842,46.912708],[-114.925797,46.910663],[-114.927695,46.910017],[-114.929347,46.909894],[-114.929921,46.90798],[-114.929763,46.906627],[-114.93037,46.906087],[-114.931136,46.903958],[-114.933646,46.903459],[-114.935185,46.901586],[-114.936754,46.897285],[-114.935125,46.89489],[-114.93585,46.892998],[-114.935718,46.892112],[-114.934718,46.890873],[-114.933928,46.888556],[-114.932349,46.887504],[-114.931895,46.884074],[-114.930988,46.88207],[-114.931658,46.878791],[-114.931434,46.877003],[-114.932273,46.875807],[-114.936007,46.873508],[-114.937145,46.871684],[-114.939115,46.869879],[-114.939634,46.868889],[-114.940564,46.868391],[-114.942374,46.868363],[-114.944584,46.867863],[-114.945544,46.865769],[-114.945437,46.864926],[-114.945888,46.863785],[-114.948352,46.861062],[-114.948277,46.860019],[-114.947343,46.859102],[-114.942103,46.856554],[-114.93782,46.856994],[-114.934309,46.856147],[-114.932661,46.856061],[-114.928696,46.854772],[-114.928043,46.852716],[-114.926716,46.850776],[-114.924009,46.848132],[-114.924936,46.846672],[-114.926543,46.845023],[-114.928679,46.843639],[-114.92846,46.842099],[-114.926775,46.838787],[-114.927318,46.837792],[-114.928205,46.837254],[-114.928685,46.836413],[-114.928752,46.835214],[-114.92776,46.83366],[-114.927299,46.83341],[-114.925775,46.833708],[-114.92473,46.833457],[-114.923426,46.831429],[-114.922325,46.828606],[-114.920744,46.827088],[-114.918129,46.8272],[-114.915281,46.825411],[-114.909776,46.824299],[-114.906287,46.822365],[-114.900492,46.822667],[-114.898461,46.822359],[-114.897501,46.819443],[-114.894817,46.817322],[-114.896075,46.814422],[-114.89782,46.81228],[-114.89789,46.811025],[-114.898584,46.808959],[-114.898002,46.807843],[-114.896532,46.807266],[-114.896722,46.804672],[-114.895202,46.801635],[-114.893883,46.801576],[-114.890747,46.80295],[-114.890432,46.804311],[-114.889231,46.805431],[-114.889093,46.806595],[-114.886959,46.80955],[-114.884775,46.809478],[-114.881797,46.810871],[-114.873012,46.812228],[-114.867383,46.814364],[-114.865792,46.814534],[-114.864347,46.813869],[-114.863194,46.812664],[-114.862131,46.812431],[-114.861156,46.811696],[-114.861252,46.809121],[-114.860617,46.805705],[-114.859981,46.804833],[-114.857728,46.803471],[-114.857505,46.802418],[-114.856919,46.801652],[-114.8517,46.798855],[-114.850153,46.799063],[-114.849753,46.797802],[-114.848355,46.797155],[-114.847658,46.795855],[-114.844346,46.794086],[-114.841254,46.793154],[-114.838641,46.793088],[-114.836661,46.792494],[-114.83624,46.792003],[-114.836084,46.791027],[-114.834724,46.789368],[-114.834445,46.788533],[-114.832264,46.786899],[-114.832088,46.785911],[-114.830972,46.783944],[-114.829117,46.782631],[-114.825611,46.782055],[-114.823991,46.782709],[-114.82301,46.782701],[-114.818889,46.781252],[-114.814982,46.781381],[-114.813638,46.781847],[-114.808399,46.782374],[-114.80768,46.782031],[-114.806404,46.780233],[-114.803436,46.777948],[-114.800853,46.7764],[-114.79876,46.775837],[-114.797758,46.776005],[-114.796678,46.777173],[-114.793355,46.777378],[-114.789562,46.779119],[-114.788159,46.780597],[-114.787512,46.782781],[-114.786373,46.780761],[-114.78485,46.780024],[-114.786482,46.778293],[-114.786443,46.777891],[-114.785274,46.772588],[-114.783678,46.768705],[-114.783153,46.768431],[-114.782402,46.768904],[-114.779676,46.768733],[-114.779257,46.768291],[-114.778899,46.766852],[-114.777492,46.766206],[-114.775658,46.766197],[-114.774317,46.765811],[-114.77383,46.765212],[-114.773851,46.762668],[-114.773546,46.762093],[-114.77244,46.761399],[-114.770689,46.761278],[-114.769839,46.760666],[-114.768383,46.760315],[-114.767256,46.759188],[-114.765101,46.758155],[-114.766577,46.756396],[-114.767375,46.753489],[-114.76722,46.752829],[-114.765828,46.751296],[-114.766458,46.749886],[-114.768013,46.749178],[-114.768274,46.747924],[-114.767785,46.746846],[-114.765251,46.745396],[-114.766351,46.743266],[-114.765997,46.742414],[-114.766264,46.741688],[-114.767136,46.741601],[-114.767832,46.741104],[-114.767937,46.740571],[-114.767144,46.740081],[-114.767445,46.739461],[-114.767263,46.738756],[-114.769083,46.737524],[-114.769498,46.736698],[-114.769415,46.736081],[-114.770111,46.734886],[-114.772833,46.733192],[-114.773752,46.731754],[-114.775739,46.731305],[-114.778147,46.731472],[-114.779163,46.731022],[-114.77981,46.73003],[-114.779647,46.728594],[-114.782766,46.726355],[-114.783187,46.725125],[-114.783044,46.723441],[-114.783336,46.722279],[-114.782971,46.721086],[-114.782218,46.720547],[-114.782093,46.719498],[-114.784756,46.7179],[-114.78656,46.716296],[-114.787657,46.714601],[-114.788462,46.714067],[-114.78857,46.713333],[-114.788158,46.712126],[-114.782336,46.708192],[-114.781884,46.706802],[-114.777624,46.706596],[-114.768556,46.704734],[-114.769527,46.699913],[-114.767833,46.697587],[-114.766797,46.696906],[-114.763896,46.697676],[-114.760047,46.696582],[-114.756957,46.697036],[-114.755028,46.696908],[-114.754121,46.697322],[-114.75221,46.697146],[-114.748492,46.698559],[-114.748041,46.699247],[-114.748537,46.700869],[-114.747477,46.70295],[-114.743654,46.707454],[-114.741688,46.708569],[-114.742093,46.709947],[-114.741884,46.710809],[-114.739784,46.711945],[-114.731362,46.713233],[-114.72777,46.714562],[-114.726147,46.714574],[-114.723438,46.713845],[-114.720389,46.714246],[-114.716795,46.714057],[-114.713091,46.715385],[-114.71071,46.717342],[-114.710225,46.718361],[-114.710231,46.720595],[-114.708496,46.722474],[-114.707812,46.723896],[-114.708918,46.726007],[-114.708918,46.726937],[-114.70276,46.730446],[-114.700049,46.733672],[-114.700249,46.734346],[-114.701236,46.734518],[-114.701032,46.736606],[-114.69945,46.739843],[-114.698606,46.740455],[-114.696558,46.740502],[-114.690322,46.736909],[-114.688631,46.736458],[-114.686833,46.736525],[-114.684706,46.737165],[-114.681737,46.738898],[-114.678455,46.738085],[-114.676514,46.73715],[-114.671968,46.736565],[-114.670401,46.737164],[-114.668368,46.738544],[-114.666736,46.739176],[-114.665389,46.739237],[-114.663914,46.738684],[-114.661441,46.735957],[-114.659589,46.734754],[-114.651015,46.733576],[-114.648437,46.732327],[-114.647196,46.731391],[-114.645977,46.729026],[-114.645801,46.727886],[-114.646397,46.726339],[-114.64546,46.725032],[-114.645093,46.723327],[-114.64464,46.722835],[-114.641453,46.722487],[-114.639285,46.72179],[-114.637571,46.719409],[-114.634837,46.717223],[-114.633838,46.715786],[-114.631213,46.715713],[-114.630087,46.714192],[-114.624908,46.712248],[-114.624197,46.709633],[-114.623744,46.709081],[-114.6208,46.707265],[-114.621,46.706133],[-114.623252,46.702622],[-114.623205,46.699214],[-114.623655,46.697795],[-114.624696,46.696117],[-114.624696,46.6958],[-114.623561,46.695194],[-114.622922,46.694448],[-114.623164,46.691675],[-114.623556,46.690937],[-114.626366,46.687968],[-114.629434,46.686075],[-114.631854,46.683951],[-114.635351,46.68261],[-114.637323,46.681334],[-114.641456,46.679495],[-114.641741,46.678614],[-114.640253,46.676245],[-114.640256,46.675313],[-114.642395,46.673543],[-114.642582,46.67292],[-114.641837,46.67253],[-114.639715,46.672224],[-114.634275,46.672936],[-114.633153,46.671821],[-114.63298,46.670325],[-114.633379,46.669672],[-114.638868,46.667221],[-114.639905,46.665617],[-114.638095,46.663634],[-114.637228,46.661639],[-114.635791,46.65948],[-114.634626,46.659194],[-114.630589,46.65944],[-114.621036,46.657985],[-114.617807,46.656055],[-114.614576,46.655078],[-114.614556,46.654211],[-114.615343,46.652459],[-114.613747,46.651853],[-114.612067,46.650679],[-114.612191,46.648746],[-114.611669,46.647457],[-114.616284,46.643737],[-114.616392,46.643431],[-114.615572,46.642239],[-114.614988,46.639978],[-114.613123,46.638474],[-114.605745,46.635904],[-114.603194,46.635595],[-114.600682,46.636343],[-114.599755,46.6363],[-114.59378,46.632946],[-114.59178,46.63293],[-114.588979,46.635173],[-114.584474,46.633384],[-114.582874,46.633371],[-114.580315,46.634608],[-114.578775,46.636565],[-114.576688,46.637884],[-114.570578,46.643303],[-114.569987,46.643367],[-114.564703,46.641151],[-114.563196,46.640826],[-114.561389,46.642159],[-114.557477,46.644055],[-114.553563,46.644811],[-114.549328,46.644391],[-114.547047,46.644683],[-114.545806,46.645626],[-114.54183,46.649969],[-114.538454,46.647613],[-114.533053,46.646157],[-114.528528,46.642314],[-114.52386,46.640591],[-114.515007,46.639469],[-114.510045,46.639204],[-114.501068,46.641356],[-114.500219,46.640613],[-114.498518,46.638083],[-114.497628,46.63747],[-114.492788,46.636326],[-114.487534,46.633166],[-114.481509,46.631892],[-114.479624,46.632392],[-114.478244,46.6318],[-114.475727,46.631597],[-114.472835,46.632272],[-114.470874,46.632358],[-114.466847,46.631804],[-114.463718,46.634419],[-114.460123,46.636088],[-114.458844,46.637005],[-114.454467,46.640897],[-114.452653,46.641563],[-114.453608,46.643494],[-114.45455,46.644261],[-114.453643,46.646752],[-114.453739,46.648455],[-114.45349,46.649211],[-114.449014,46.649536],[-114.441998,46.652808],[-114.440022,46.653305],[-114.438402,46.655267],[-114.43462,46.656579],[-114.431463,46.657264],[-114.428342,46.659173],[-114.424608,46.660662],[-114.416944,46.658233],[-114.416671,46.657659],[-114.414605,46.656903],[-114.412128,46.656827],[-114.411284,46.657132],[-114.410734,46.657928],[-114.40959,46.662247],[-114.408461,46.660648],[-114.405301,46.659602],[-114.403869,46.659489],[-114.400874,46.661343],[-114.398805,46.663098],[-114.394533,46.664919],[-114.391809,46.665081],[-114.389296,46.664765],[-114.386872,46.664021],[-114.384945,46.662672],[-114.383737,46.662461],[-114.382792,46.662808],[-114.380903,46.664921],[-114.378067,46.667133],[-114.375741,46.667467],[-114.373712,46.667101],[-114.371575,46.668128],[-114.367966,46.668553],[-114.362289,46.668511],[-114.359625,46.669575],[-114.358237,46.671141],[-114.357959,46.67064],[-114.357933,46.668697],[-114.357585,46.668142],[-114.354913,46.665114],[-114.353011,46.663558],[-114.350394,46.662793],[-114.344381,46.662026],[-114.337774,46.66244],[-114.333139,46.660941],[-114.33023,46.658692],[-114.329666,46.657341],[-114.328201,46.655261],[-114.327147,46.654444],[-114.324629,46.653419],[-114.323199,46.650418],[-114.321637,46.648959],[-114.320719,46.646953],[-114.322075,46.645432],[-114.322946,46.642707],[-114.322522,46.640808],[-114.320562,46.638906],[-114.320317,46.638268],[-114.321456,46.636896],[-114.322374,46.633886],[-114.322467,46.632196],[-114.321534,46.630393],[-114.322819,46.62834],[-114.322163,46.625851],[-114.3239,46.623584],[-114.324525,46.621936],[-114.327297,46.620555],[-114.328075,46.619758],[-114.326992,46.616888],[-114.326386,46.616434],[-114.325445,46.614125],[-114.323161,46.612588],[-114.322546,46.610891],[-114.328507,46.604589],[-114.329961,46.604215],[-114.329743,46.603044],[-114.330344,46.600501],[-114.330271,46.59948],[-114.332566,46.596735],[-114.336041,46.59372],[-114.338338,46.592675],[-114.341135,46.592387],[-114.344212,46.589972],[-114.341357,46.58794],[-114.339572,46.587134],[-114.339236,46.58611],[-114.338271,46.585217],[-114.337475,46.583473],[-114.335079,46.581098],[-114.334115,46.579361],[-114.332011,46.57814],[-114.330019,46.577528],[-114.329654,46.576204],[-114.331749,46.571859],[-114.333568,46.570315],[-114.335351,46.567748],[-114.337867,46.566227],[-114.339454,46.564213],[-114.339741,46.563214],[-114.339453,46.561475],[-114.342057,46.557368],[-114.342655,46.555228],[-114.347485,46.552257],[-114.347904,46.551474],[-114.346179,46.549653],[-114.345216,46.548138],[-114.345428,46.546312],[-114.345146,46.543171],[-114.343908,46.541525],[-114.345341,46.53905],[-114.346017,46.53653],[-114.347007,46.535203],[-114.348824,46.533659],[-114.348634,46.531499],[-114.349243,46.529947],[-114.347764,46.526349],[-114.342952,46.522376],[-114.34202,46.520327],[-114.342032,46.519655],[-114.342658,46.518434],[-114.347067,46.515284],[-114.348353,46.510338],[-114.350055,46.509758],[-114.351936,46.507747],[-114.355121,46.506809],[-114.358357,46.505216],[-114.359699,46.504928],[-114.362237,46.505437],[-114.368016,46.505116],[-114.369539,46.503706],[-114.375611,46.501757],[-114.384014,46.505076],[-114.388021,46.503807],[-114.394649,46.503472],[-114.396274,46.50206],[-114.399935,46.502196],[-114.402372,46.500586],[-114.4032,46.49882],[-114.403413,46.494061],[-114.403113,46.49235],[-114.400901,46.488386],[-114.40139,46.487331],[-114.401516,46.485497],[-114.401261,46.479317],[-114.400689,46.477816],[-114.395566,46.4729],[-114.395468,46.470656],[-114.394672,46.469429],[-114.389493,46.468293],[-114.383155,46.466264],[-114.381995,46.462646],[-114.379446,46.460312],[-114.380945,46.457961],[-114.381585,46.453362],[-114.384462,46.448043],[-114.384418,46.447016],[-114.383677,46.446157],[-114.381419,46.445063],[-114.378813,46.444534],[-114.377335,46.443262],[-114.376214,46.442812],[-114.374357,46.44322],[-114.372358,46.442814],[-114.37197,46.442543],[-114.370952,46.439789],[-114.369794,46.438637],[-114.368632,46.438076],[-114.368431,46.437119],[-114.368804,46.436512],[-114.370586,46.436041],[-114.378849,46.435054],[-114.381394,46.43388],[-114.382979,46.432176],[-114.384931,46.427598],[-114.384399,46.426124],[-114.384533,46.424778],[-114.383932,46.421907],[-114.383679,46.418469],[-114.384344,46.417002],[-114.384341,46.413809],[-114.38486,46.411363],[-114.387433,46.409872],[-114.393527,46.409214],[-114.398147,46.405487],[-114.399707,46.404789],[-114.399736,46.402896],[-114.400902,46.402254],[-114.401354,46.401584],[-114.405504,46.401483],[-114.408567,46.400699],[-114.409916,46.399242],[-114.410056,46.396398],[-114.415634,46.393515],[-114.416477,46.392138],[-114.422463,46.38705],[-114.42147,46.384355],[-114.420664,46.383961],[-114.419979,46.383014],[-114.419477,46.380076],[-114.414552,46.370818],[-114.412375,46.367568],[-114.410263,46.365736],[-114.411145,46.363906],[-114.411196,46.36235],[-114.410267,46.361059],[-114.412201,46.357866],[-114.411622,46.355494],[-114.41171,46.35364],[-114.412198,46.352183],[-114.412063,46.351405],[-114.412792,46.350722],[-114.413585,46.348393],[-114.413458,46.346046],[-114.414243,46.343392],[-114.414573,46.340906],[-114.414414,46.340099],[-114.414707,46.339553],[-114.413908,46.338049],[-114.414046,46.335571],[-114.414891,46.33546],[-114.415729,46.333704],[-114.417299,46.332322],[-114.421024,46.33099],[-114.421946,46.330091],[-114.421798,46.326812],[-114.4223,46.325754],[-114.42253,46.324057],[-114.423327,46.32272],[-114.424853,46.321173],[-114.426022,46.318059],[-114.427221,46.316674],[-114.42736,46.315854],[-114.430067,46.313442],[-114.430616,46.311968],[-114.431636,46.310502],[-114.431655,46.307186],[-114.43345,46.305553],[-114.432637,46.304597],[-114.432797,46.303776],[-114.432193,46.301361],[-114.429943,46.299638],[-114.430336,46.298793],[-114.428247,46.291084],[-114.425457,46.287861],[-114.427423,46.286236],[-114.427627,46.285428],[-114.427305,46.283769],[-114.430171,46.281483],[-114.432748,46.278603],[-114.433631,46.278209],[-114.435308,46.2767],[-114.43931,46.275178],[-114.441133,46.27387],[-114.444783,46.272703],[-114.453673,46.270952],[-114.462751,46.273128],[-114.464936,46.273224],[-114.466882,46.272002],[-114.467782,46.26995],[-114.47021,46.267736],[-114.470735,46.266046],[-114.470427,46.263669],[-114.469071,46.261244],[-114.469012,46.259611],[-114.468277,46.258512],[-114.467816,46.256456],[-114.466397,46.25482],[-114.464847,46.252247],[-114.46652,46.250223],[-114.468032,46.249402],[-114.468282,46.248667],[-114.466979,46.247309],[-114.458568,46.244063],[-114.454016,46.24137],[-114.452105,46.241296],[-114.451753,46.239425],[-114.450013,46.237237],[-114.44942,46.234715],[-114.448001,46.23157],[-114.447349,46.226912],[-114.447446,46.22499],[-114.446546,46.222071],[-114.445658,46.220668],[-114.44565,46.219753],[-114.447714,46.218202],[-114.449135,46.216557],[-114.451785,46.215314],[-114.451844,46.214854],[-114.450681,46.211545],[-114.449459,46.210103],[-114.449086,46.209064],[-114.447991,46.207617],[-114.443319,46.203054],[-114.443528,46.20118],[-114.444595,46.198705],[-114.444629,46.196294],[-114.443924,46.192999],[-114.445071,46.190574],[-114.444781,46.187666],[-114.445326,46.184475],[-114.445705,46.183913],[-114.444839,46.181438],[-114.44548,46.179016],[-114.4453,46.177028],[-114.445963,46.173906],[-114.444535,46.171155],[-114.444106,46.169279],[-114.445249,46.167951],[-114.446713,46.167929],[-114.449618,46.168617],[-114.452655,46.168544],[-114.455818,46.17016],[-114.457717,46.170197],[-114.459466,46.169222],[-114.462953,46.16809],[-114.463485,46.167628],[-114.46426,46.165738],[-114.468308,46.1654],[-114.470652,46.163401],[-114.474878,46.160939],[-114.475968,46.160612],[-114.478421,46.160862],[-114.481178,46.16215],[-114.484221,46.164078],[-114.485473,46.165619],[-114.487046,46.166168],[-114.489222,46.167667],[-114.495597,46.167963],[-114.499525,46.166951],[-114.502405,46.165167],[-114.507497,46.164641],[-114.511664,46.16685],[-114.514872,46.167685],[-114.515685,46.165913],[-114.515216,46.16332],[-114.515572,46.161887],[-114.514693,46.160449],[-114.514815,46.159287],[-114.515271,46.158628],[-114.515408,46.156067],[-114.514404,46.154516],[-114.514383,46.153978],[-114.514691,46.153585],[-114.519313,46.152022],[-114.521839,46.150772],[-114.523477,46.148923],[-114.524574,46.148674],[-114.526282,46.14758],[-114.527293,46.146098],[-114.527374,46.145416],[-114.52188,46.138158],[-114.52144,46.136502],[-114.520229,46.135817],[-114.51771,46.135591],[-114.518631,46.131259],[-114.519967,46.129316],[-114.521319,46.126521],[-114.52101,46.125118],[-114.518092,46.123334],[-114.51327,46.122604],[-114.512367,46.122122],[-114.511267,46.120655],[-114.507384,46.119705],[-114.505008,46.118396],[-114.50374,46.118463],[-114.502312,46.119096],[-114.499383,46.118946],[-114.497407,46.118064],[-114.49537,46.117682],[-114.490701,46.113937],[-114.48847,46.112992],[-114.484029,46.113686],[-114.480461,46.112974],[-114.474468,46.113114],[-114.474232,46.111708],[-114.473076,46.109621],[-114.472616,46.1081],[-114.470895,46.10562],[-114.468527,46.105209],[-114.467022,46.104538],[-114.467123,46.10376],[-114.465292,46.102656],[-114.464741,46.101711],[-114.460489,46.097797],[-114.459494,46.093937],[-114.460673,46.090405],[-114.46014,46.086526],[-114.462073,46.083034],[-114.462336,46.081606],[-114.462513,46.079634],[-114.462025,46.078587],[-114.467607,46.077122],[-114.471085,46.077266],[-114.472365,46.076812],[-114.470803,46.074569],[-114.471241,46.07271],[-114.472002,46.071657],[-114.472136,46.069215],[-114.468664,46.067181],[-114.467001,46.065788],[-114.4683,46.062797],[-114.469663,46.061692],[-114.473915,46.060534],[-114.474718,46.058386],[-114.479153,46.055728],[-114.479982,46.055418],[-114.48357,46.055209],[-114.490337,46.053467],[-114.492228,46.052662],[-114.493363,46.052586],[-114.493539,46.051385],[-114.492894,46.050196],[-114.495059,46.045774],[-114.496572,46.044961],[-114.496399,46.043956],[-114.497747,46.043671],[-114.497325,46.042592],[-114.497525,46.042358],[-114.500255,46.041715],[-114.502261,46.041992],[-114.503317,46.041819],[-114.504083,46.041362],[-114.505012,46.03959],[-114.506671,46.038516],[-114.506507,46.03585],[-114.505743,46.03435],[-114.507519,46.03147],[-114.504252,46.029336],[-114.497249,46.027893],[-114.489328,46.027875],[-114.486163,46.029943],[-114.480362,46.030356],[-114.479215,46.027311],[-114.477368,46.024789],[-114.476231,46.022517],[-114.47603,46.020978],[-114.474177,46.017725],[-114.473825,46.015855],[-114.473084,46.014157],[-114.473667,46.012794],[-114.476502,46.011106],[-114.478772,46.010302],[-114.481859,46.008504],[-114.483099,46.008139],[-114.484947,46.008254],[-114.487631,46.004476],[-114.487798,46.003652],[-114.487572,46.001622],[-114.486823,46.000726],[-114.486712,45.999957],[-114.484835,45.996314],[-114.480848,45.993938],[-114.480652,45.993351],[-114.480007,45.992909],[-114.4762,45.992111],[-114.474114,45.992253],[-114.470751,45.993592],[-114.468415,45.995282],[-114.465925,45.996061],[-114.46428,45.997522],[-114.457839,45.997485],[-114.457196,45.997067],[-114.45647,45.995339],[-114.455332,45.993778],[-114.455046,45.992576],[-114.453658,45.991002],[-114.452229,45.990148],[-114.450076,45.989549],[-114.448513,45.98761],[-114.442938,45.98731],[-114.439802,45.988018],[-114.437057,45.987544],[-114.435339,45.987818],[-114.432631,45.986971],[-114.428861,45.986566],[-114.427687,45.985775],[-114.424219,45.984391],[-114.421355,45.981418],[-114.417375,45.980651],[-114.414144,45.979277],[-114.411766,45.977877],[-114.411609,45.974395],[-114.410785,45.973008],[-114.409219,45.971415],[-114.406141,45.969989],[-114.404826,45.96841],[-114.404739,45.967447],[-114.403797,45.967241],[-114.404077,45.966014],[-114.402251,45.963888],[-114.401439,45.963551],[-114.402728,45.961289],[-114.402535,45.957951],[-114.404087,45.956349],[-114.40693,45.954252],[-114.409432,45.953203],[-114.411181,45.953117],[-114.412704,45.951709],[-114.413848,45.949181],[-114.414978,45.948397],[-114.418998,45.94739],[-114.419789,45.946925],[-114.42105,45.945945],[-114.421011,45.944732],[-114.424914,45.943988],[-114.425089,45.941925],[-114.426072,45.940814],[-114.431529,45.937897],[-114.431409,45.936047],[-114.428907,45.93357],[-114.426757,45.932574],[-114.422474,45.927631],[-114.419046,45.926245],[-114.417767,45.924665],[-114.414876,45.92214],[-114.414863,45.921595],[-114.41617,45.919158],[-114.416177,45.918439],[-114.414211,45.913965],[-114.413576,45.911638],[-114.410051,45.908769],[-114.408567,45.906876],[-114.405355,45.904711],[-114.404108,45.903477],[-114.40123,45.902264],[-114.399393,45.902369],[-114.397108,45.901428],[-114.395156,45.901439],[-114.394908,45.897484],[-114.393529,45.895562],[-114.393902,45.894579],[-114.393723,45.892976],[-114.39221,45.89207],[-114.388925,45.892259],[-114.387615,45.890169],[-114.387226,45.888475],[-114.387881,45.883933],[-114.38857,45.882196],[-114.38986,45.880355],[-114.392529,45.879247],[-114.392942,45.878708],[-114.392865,45.877051],[-114.393868,45.876363],[-114.394318,45.875054],[-114.395281,45.874318],[-114.39571,45.873159],[-114.395613,45.871676],[-114.39607,45.871235],[-114.399078,45.870756],[-114.40184,45.871875],[-114.403934,45.871882],[-114.404621,45.871629],[-114.40593,45.870407],[-114.40627,45.869053],[-114.404834,45.866489],[-114.406549,45.864257],[-114.406637,45.862469],[-114.406168,45.860804],[-114.407506,45.85911],[-114.408594,45.854625],[-114.409781,45.852045],[-114.409668,45.851579],[-114.417777,45.853404],[-114.418787,45.853802],[-114.420598,45.855189],[-114.422379,45.855297],[-114.424073,45.855815],[-114.424826,45.856837],[-114.426218,45.857717],[-114.427841,45.858018],[-114.43025,45.859548],[-114.436261,45.86129],[-114.437728,45.862614],[-114.446385,45.861438],[-114.447901,45.860553],[-114.448726,45.859079],[-114.453688,45.855801],[-114.456884,45.854688],[-114.461565,45.85514],[-114.464994,45.852123],[-114.47034,45.851471],[-114.47199,45.847773],[-114.474905,45.846591],[-114.476973,45.847094],[-114.48114,45.848842],[-114.482337,45.850183],[-114.483888,45.851091],[-114.485354,45.851609],[-114.487112,45.851676],[-114.489514,45.850427],[-114.492256,45.849759],[-114.493126,45.849968],[-114.494695,45.849675],[-114.49901,45.850697],[-114.500364,45.849992],[-114.502654,45.847882],[-114.503617,45.846005],[-114.505149,45.845688],[-114.508532,45.845834],[-114.509357,45.84555],[-114.51165,45.843092],[-114.511946,45.842062],[-114.515137,45.840507],[-114.515434,45.839105],[-114.51652,45.837421],[-114.517393,45.834952],[-114.517366,45.833888],[-114.516462,45.832143],[-114.514927,45.830874],[-114.513434,45.830445],[-114.512942,45.829723],[-114.511498,45.829441],[-114.512938,45.828905],[-114.515391,45.826267],[-114.517638,45.825249],[-114.521572,45.824081],[-114.523074,45.822703],[-114.525254,45.821975],[-114.526149,45.820457],[-114.526695,45.820122],[-114.531032,45.818904],[-114.531807,45.816719],[-114.532625,45.815649],[-114.53158,45.814249],[-114.530199,45.813381],[-114.531044,45.809874],[-114.532472,45.808446],[-114.537146,45.805311],[-114.537944,45.804209],[-114.537621,45.802765],[-114.53865,45.802261],[-114.541435,45.799241],[-114.543515,45.798722],[-114.544982,45.797904],[-114.544816,45.796096],[-114.545094,45.794039],[-114.544106,45.790367],[-114.544446,45.790032],[-114.546504,45.789774],[-114.549996,45.788321],[-114.555634,45.786546],[-114.555583,45.785429],[-114.557019,45.783474],[-114.562475,45.779786],[-114.563538,45.777817],[-114.563607,45.776173],[-114.565445,45.774804],[-114.56648,45.773315],[-114.565867,45.772168],[-114.56384,45.770464],[-114.561481,45.769284],[-114.560255,45.767677],[-114.559239,45.765594],[-114.558309,45.764794],[-114.557535,45.764297],[-114.554159,45.763762],[-114.552231,45.76416],[-114.551258,45.763915],[-114.544526,45.759184],[-114.544115,45.758453],[-114.544097,45.757638],[-114.54617,45.756072],[-114.545943,45.754223],[-114.54733,45.751897],[-114.547269,45.751235],[-114.546314,45.750147],[-114.546441,45.748434],[-114.545763,45.746912],[-114.547224,45.744895],[-114.547865,45.743269],[-114.535739,45.73916],[-114.534911,45.738422],[-114.533813,45.736121],[-114.532012,45.735138],[-114.53134,45.733682],[-114.52904,45.732078],[-114.527693,45.728791],[-114.52667,45.72764],[-114.524443,45.727185],[-114.522835,45.727258],[-114.520329,45.726506],[-114.515382,45.72746],[-114.512069,45.725502],[-114.506959,45.723625],[-114.504198,45.721819],[-114.504041,45.720452],[-114.502946,45.71886],[-114.503163,45.717764],[-114.502911,45.717088],[-114.497571,45.710941],[-114.497639,45.708566],[-114.496298,45.707051],[-114.496194,45.704861],[-114.495164,45.703976],[-114.496385,45.701061],[-114.496585,45.699433],[-114.500753,45.696564],[-114.501403,45.693706],[-114.505382,45.690895],[-114.50768,45.689783],[-114.509173,45.689453],[-114.511925,45.686683],[-114.515102,45.684917],[-114.513856,45.683803],[-114.509923,45.683337],[-114.507794,45.683588],[-114.505425,45.682585],[-114.501205,45.682442],[-114.500105,45.681139],[-114.499045,45.67888],[-114.50147,45.677375],[-114.502296,45.673945],[-114.500474,45.671654],[-114.500388,45.670705],[-114.499592,45.66961],[-114.499549,45.668791],[-114.501711,45.666144],[-114.503068,45.665418],[-114.506377,45.661833],[-114.506889,45.659815],[-114.507811,45.658912],[-114.507661,45.657541],[-114.509081,45.656812],[-114.512742,45.656049],[-114.51363,45.655388],[-114.515068,45.653128],[-114.518679,45.65148],[-114.521941,45.649471],[-114.522748,45.649301],[-114.524083,45.649686],[-114.526956,45.651063],[-114.528895,45.652436],[-114.536247,45.650367],[-114.53951,45.650573],[-114.540693,45.649843],[-114.541324,45.6486],[-114.541126,45.648117],[-114.539844,45.647283],[-114.53969,45.646091],[-114.540973,45.644495],[-114.54193,45.642526],[-114.54169,45.641394],[-114.543571,45.642544],[-114.545451,45.642995],[-114.547813,45.642452],[-114.549508,45.642652],[-114.551728,45.642417],[-114.555223,45.641258],[-114.557871,45.640979],[-114.56068,45.640248],[-114.564002,45.637627],[-114.564096,45.635263],[-114.563245,45.631675],[-114.558308,45.627398],[-114.558266,45.625123],[-114.556558,45.624036],[-114.554681,45.621907],[-114.554615,45.619888],[-114.552719,45.618696],[-114.544703,45.616982],[-114.542285,45.612986],[-114.542067,45.611598],[-114.540105,45.608957],[-114.538213,45.607391],[-114.537959,45.606598],[-114.538068,45.606149],[-114.540416,45.603998],[-114.542174,45.602821],[-114.542032,45.602029],[-114.546863,45.60027],[-114.547659,45.599685],[-114.549288,45.595344],[-114.551745,45.593797],[-114.554052,45.5915],[-114.55389,45.588428],[-114.556464,45.587281],[-114.556971,45.585775],[-114.558513,45.584469],[-114.555409,45.582619],[-114.554355,45.581487],[-114.552971,45.576609],[-114.554534,45.574762],[-114.556791,45.572932],[-114.557652,45.570995],[-114.556968,45.56959],[-114.558547,45.566038],[-114.55919,45.565498],[-114.561018,45.565415],[-114.563502,45.564548],[-114.565506,45.562607],[-114.565044,45.560973],[-114.565542,45.559612],[-114.565477,45.558909],[-114.564951,45.557717],[-114.560781,45.559302],[-114.556897,45.557833],[-114.552614,45.557054],[-114.551958,45.55842],[-114.550008,45.560213],[-114.548599,45.561064],[-114.544453,45.562387],[-114.541496,45.564011],[-114.538957,45.56386],[-114.531951,45.566216],[-114.530734,45.567264],[-114.529622,45.569461],[-114.527275,45.570861],[-114.526132,45.570789],[-114.521212,45.56835],[-114.516357,45.568001],[-114.515565,45.567346],[-114.515852,45.566623],[-114.515376,45.565829],[-114.506878,45.559312],[-114.503095,45.559074],[-114.502348,45.558574],[-114.50216,45.557783],[-114.499344,45.556422],[-114.498096,45.555467],[-114.495373,45.556068],[-114.493442,45.557042],[-114.491933,45.557109],[-114.485309,45.561787],[-114.482562,45.560952],[-114.479665,45.561862],[-114.47806,45.561987],[-114.47605,45.562928],[-114.473816,45.56347],[-114.471961,45.565229],[-114.465747,45.560514],[-114.457839,45.561718],[-114.456092,45.562246],[-114.456364,45.560996],[-114.462779,45.553956],[-114.462965,45.553183],[-114.4616,45.550835],[-114.462259,45.548554],[-114.463767,45.547519],[-114.464008,45.54699],[-114.46356,45.54593],[-114.463927,45.545035],[-114.462245,45.544143],[-114.459882,45.543437],[-114.456897,45.544255],[-114.455158,45.544167],[-114.452366,45.542839],[-114.450541,45.542353],[-114.449788,45.540154],[-114.448817,45.538887],[-114.445037,45.539093],[-114.439957,45.536989],[-114.438617,45.535439],[-114.438961,45.533942],[-114.43881,45.532987],[-114.437698,45.531208],[-114.437138,45.530817],[-114.436353,45.530483],[-114.433287,45.530319],[-114.430589,45.529516],[-114.430188,45.528704],[-114.431289,45.526348],[-114.430918,45.524404],[-114.430621,45.523287],[-114.428801,45.520923],[-114.429549,45.517545],[-114.42841,45.51582],[-114.427241,45.514857],[-114.42656,45.511658],[-114.425722,45.510726],[-114.42343,45.509305],[-114.419756,45.509306],[-114.418053,45.509704],[-114.413758,45.508995],[-114.411607,45.508052],[-114.408936,45.507524],[-114.406393,45.506229],[-114.403854,45.506087],[-114.399743,45.504493],[-114.393564,45.503242],[-114.392347,45.502465],[-114.388885,45.50301],[-114.385246,45.499993],[-114.377111,45.495789],[-114.375354,45.493966],[-114.368245,45.492373],[-114.367216,45.491861],[-114.365761,45.490542],[-114.365134,45.489321],[-114.365189,45.485611],[-114.364576,45.48362],[-114.361214,45.480502],[-114.360872,45.478788],[-114.360304,45.478236],[-114.360191,45.477569],[-114.361239,45.475218],[-114.361114,45.474416],[-114.358818,45.472845],[-114.351642,45.471046],[-114.350752,45.469625],[-114.350666,45.466478],[-114.348403,45.463387],[-114.347261,45.462535],[-114.345677,45.460664],[-114.344199,45.459691],[-114.343482,45.459607],[-114.340054,45.459737],[-114.337513,45.460635],[-114.334317,45.459064],[-114.330063,45.45973],[-114.329505,45.460215],[-114.329719,45.46203],[-114.324379,45.465893],[-114.318751,45.466156],[-114.314419,45.469686],[-114.312826,45.46989],[-114.309234,45.469319],[-114.305995,45.470884],[-114.303801,45.47157],[-114.301611,45.472969],[-114.300433,45.474135],[-114.300437,45.475278],[-114.299835,45.47635],[-114.295075,45.479381],[-114.292291,45.479984],[-114.288006,45.479118],[-114.282989,45.480132],[-114.280011,45.479882],[-114.278066,45.480512],[-114.275251,45.483174],[-114.269907,45.484559],[-114.270328,45.485574],[-114.270037,45.490875],[-114.266788,45.491288],[-114.264564,45.49216],[-114.263019,45.493276],[-114.26149,45.494938],[-114.260688,45.496716],[-114.26019,45.499929],[-114.260405,45.503363],[-114.259332,45.505389],[-114.259416,45.507209],[-114.258763,45.508425],[-114.258517,45.51124],[-114.25792,45.512159],[-114.255429,45.513427],[-114.253489,45.515059],[-114.252031,45.517659],[-114.249342,45.520184],[-114.249059,45.523638],[-114.247225,45.524727],[-114.247213,45.525653],[-114.249487,45.529299],[-114.248679,45.532711],[-114.248749,45.534579],[-114.249494,45.535815],[-114.250852,45.536598],[-114.251604,45.537512],[-114.251535,45.538483],[-114.250565,45.540009],[-114.250291,45.54215],[-114.248373,45.545115],[-114.248465,45.545821],[-114.245713,45.545508],[-114.237461,45.546675],[-114.235899,45.546378],[-114.227888,45.546137],[-114.225826,45.544956],[-114.223528,45.544214],[-114.221748,45.542741],[-114.213243,45.540305],[-114.207378,45.53795],[-114.205884,45.536228],[-114.205277,45.535931],[-114.202239,45.535478],[-114.200473,45.536306],[-114.196837,45.536029],[-114.193622,45.53638],[-114.190703,45.538396],[-114.18995,45.541052],[-114.187716,45.542501],[-114.186839,45.545141],[-114.185747,45.546327],[-114.181154,45.549919],[-114.180287,45.551246],[-114.17837,45.550658],[-114.174195,45.550169],[-114.169422,45.550511],[-114.164565,45.552508],[-114.158945,45.553024],[-114.154227,45.552626],[-114.152187,45.554941],[-114.150615,45.557717],[-114.150258,45.55784],[-114.147516,45.557997],[-114.143109,45.557299],[-114.135836,45.557107],[-114.13535,45.557515],[-114.134102,45.560879],[-114.133179,45.562273],[-114.129001,45.565393],[-114.129229,45.568094],[-114.129027,45.569695],[-114.130564,45.570575],[-114.132139,45.572104],[-114.130708,45.575841],[-114.128921,45.577529],[-114.126666,45.578763],[-114.125292,45.581358],[-114.122935,45.583564],[-114.121276,45.584601],[-114.119771,45.58419],[-114.108903,45.585737],[-114.106496,45.58517],[-114.100518,45.586213],[-114.09723,45.587038],[-114.094069,45.589444],[-114.090015,45.5914],[-114.087707,45.590816],[-114.086116,45.591473],[-114.085586,45.59254],[-114.082277,45.596709],[-114.083127,45.599922],[-114.082804,45.601183],[-114.08309,45.60315],[-114.082425,45.605091],[-114.082667,45.60762],[-114.081871,45.610578],[-114.081179,45.611467],[-114.073574,45.615092],[-114.07301,45.617158],[-114.072088,45.618228],[-114.072466,45.621263],[-114.06848,45.62554],[-114.066752,45.628175],[-114.061781,45.629997],[-114.058151,45.631743],[-114.053625,45.632075],[-114.051851,45.632715],[-114.050967,45.633612],[-114.045147,45.636771],[-114.043262,45.640421],[-114.037534,45.64471],[-114.034569,45.647626],[-114.032095,45.648504],[-114.026223,45.647797],[-114.021977,45.647906],[-114.020206,45.648637],[-114.019082,45.648412],[-114.018059,45.649152],[-114.017001,45.650878],[-114.015283,45.652776],[-114.01465,45.655039],[-114.014661,45.6566],[-114.013717,45.658301],[-114.015545,45.660589],[-114.015765,45.661832],[-114.01534,45.663431],[-114.015672,45.664259],[-114.017429,45.666036],[-114.019134,45.669664],[-114.020896,45.670434],[-114.023872,45.670642],[-114.025479,45.672733],[-114.028323,45.675246],[-114.023841,45.677728],[-114.019428,45.681767],[-114.014379,45.683779],[-114.01614,45.685597],[-114.016646,45.688184],[-114.017466,45.689609],[-114.018324,45.690416],[-114.019181,45.69264],[-114.015495,45.695911],[-114.011516,45.693854],[-114.008292,45.69384],[-114.005359,45.694164],[-114.001783,45.6963],[-113.996854,45.696867],[-113.996268,45.69723],[-113.996669,45.69783],[-113.995823,45.699313],[-113.994754,45.699695],[-113.993734,45.700661],[-113.99351,45.701687],[-113.9941,45.702989],[-113.993914,45.703397],[-113.991782,45.704222],[-113.991056,45.705022],[-113.988539,45.705987],[-113.985837,45.704153],[-113.980021,45.702379],[-113.974164,45.702895],[-113.972238,45.702479],[-113.97078,45.702938],[-113.971494,45.701985],[-113.971752,45.700834],[-113.968896,45.694938],[-113.969316,45.69415],[-113.969201,45.692737],[-113.968162,45.69133],[-113.966317,45.690881],[-113.964829,45.690028],[-113.961805,45.689725],[-113.959775,45.690361],[-113.957917,45.690128],[-113.954891,45.690634],[-113.952053,45.691501],[-113.95071,45.692513],[-113.94866,45.693409],[-113.945744,45.693668],[-113.939118,45.695789],[-113.937543,45.695606],[-113.935273,45.69435],[-113.934299,45.693103],[-113.933972,45.692123],[-113.934157,45.690032],[-113.935675,45.689103],[-113.934068,45.688498],[-113.933207,45.687911],[-113.932829,45.687182],[-113.93421,45.684126],[-113.934287,45.682014],[-113.932868,45.679341],[-113.930863,45.678181],[-113.931413,45.67667],[-113.930446,45.674774],[-113.931439,45.673047],[-113.93094,45.672125],[-113.929451,45.671216],[-113.928571,45.669515],[-113.92588,45.668182],[-113.923602,45.667578],[-113.923534,45.666291],[-113.92307,45.665366],[-113.920631,45.664074],[-113.920934,45.660812],[-113.91984,45.658648],[-113.919869,45.658126],[-113.91432,45.656435],[-113.913181,45.654148],[-113.911629,45.653316],[-113.909587,45.653],[-113.907632,45.653325],[-113.903389,45.651136],[-113.901826,45.649735],[-113.900739,45.647644],[-113.897335,45.646662],[-113.895268,45.643816],[-113.895399,45.642794],[-113.896148,45.641995],[-113.897215,45.641184],[-113.899143,45.640538],[-113.902405,45.637556],[-113.902608,45.637002],[-113.902,45.633826],[-113.901106,45.632373],[-113.901668,45.631011],[-113.901466,45.63025],[-113.899407,45.62848],[-113.9009,45.62779],[-113.904513,45.624691],[-113.905017,45.622842],[-113.904916,45.622212],[-113.904516,45.621911],[-113.902774,45.621452],[-113.900483,45.621965],[-113.897993,45.621869],[-113.893013,45.620429],[-113.892002,45.619378],[-113.890643,45.61901],[-113.887964,45.617486],[-113.886004,45.617391],[-113.882673,45.618959],[-113.881547,45.618582],[-113.879286,45.618596],[-113.875555,45.620132],[-113.873576,45.620135],[-113.870992,45.621427],[-113.870203,45.622177],[-113.865448,45.622388],[-113.861603,45.623829],[-113.858922,45.621676],[-113.857003,45.621553],[-113.854622,45.622291],[-113.853708,45.621458],[-113.85221,45.620847],[-113.848652,45.620117],[-113.847558,45.61701],[-113.84351,45.612752],[-113.838894,45.610699],[-113.834286,45.610085],[-113.8279,45.612912],[-113.82633,45.613172],[-113.82411,45.612811],[-113.8221,45.611525],[-113.818209,45.607881],[-113.813605,45.606868],[-113.811043,45.605752],[-113.808305,45.603724],[-113.806445,45.601638],[-113.805464,45.596343],[-113.803725,45.59264],[-113.800353,45.589272],[-113.798766,45.587052],[-113.798401,45.586445],[-113.798586,45.584752],[-113.796746,45.581548],[-113.799074,45.581508],[-113.803814,45.579787],[-113.805268,45.578516],[-113.806969,45.578127],[-113.808406,45.576633],[-113.809404,45.576297],[-113.810731,45.574757],[-113.811944,45.574016],[-113.815226,45.569474],[-113.816378,45.568858],[-113.817816,45.567389],[-113.820231,45.566204],[-113.821483,45.565957],[-113.818761,45.563681],[-113.818042,45.562618],[-113.817486,45.560927],[-113.817395,45.557086],[-113.81889,45.555887],[-113.819469,45.551573],[-113.821472,45.547403],[-113.824343,45.545754],[-113.82501,45.544364],[-113.826052,45.543703],[-113.826543,45.542319],[-113.82638,45.541135],[-113.828369,45.539495],[-113.828949,45.538356],[-113.82948,45.537021],[-113.828102,45.535214],[-113.827375,45.533605],[-113.828005,45.532638],[-113.829988,45.530924],[-113.830451,45.530087],[-113.830567,45.527975],[-113.831189,45.526462],[-113.834241,45.523094],[-113.834442,45.522515],[-113.834185,45.521484],[-113.834791,45.520666],[-113.83344,45.520545],[-113.823983,45.521434],[-113.82045,45.523183],[-113.819372,45.522928],[-113.818043,45.521739],[-113.816574,45.521002],[-113.814022,45.520853],[-113.811424,45.520014],[-113.809672,45.519803],[-113.807257,45.520611],[-113.804293,45.522642],[-113.802375,45.523152],[-113.796869,45.523417],[-113.795286,45.523147],[-113.792816,45.521988],[-113.789369,45.522497],[-113.785269,45.522393],[-113.782152,45.521868],[-113.777972,45.523302],[-113.769824,45.521962],[-113.766025,45.520535],[-113.770503,45.516876],[-113.772681,45.514264],[-113.772855,45.513316],[-113.772735,45.512648],[-113.772135,45.5122],[-113.770309,45.512141],[-113.76974,45.511517],[-113.769385,45.510396],[-113.770822,45.508215],[-113.770919,45.506988],[-113.770292,45.505722],[-113.769593,45.505352],[-113.768543,45.502739],[-113.765663,45.501063],[-113.764797,45.499219],[-113.764111,45.495083],[-113.763491,45.493264],[-113.763271,45.490795],[-113.760076,45.486235],[-113.760431,45.483343],[-113.759926,45.480409],[-113.763821,45.478104],[-113.765769,45.476543],[-113.767286,45.474534],[-113.768077,45.473946],[-113.776234,45.470914],[-113.776292,45.470056],[-113.775665,45.46807],[-113.774177,45.465209],[-113.774673,45.462971],[-113.776193,45.461113],[-113.779734,45.458909],[-113.784276,45.454895],[-113.783554,45.451987],[-113.7789,45.44993],[-113.775311,45.447763],[-113.774439,45.446519],[-113.77456,45.441988],[-113.77501,45.440119],[-113.775689,45.437996],[-113.776901,45.436341],[-113.776736,45.434689],[-113.776047,45.433755],[-113.773558,45.431714],[-113.767074,45.431468],[-113.765058,45.431077],[-113.759746,45.427119],[-113.761441,45.424214],[-113.762808,45.423083],[-113.766372,45.42128],[-113.768859,45.421103],[-113.772751,45.419779],[-113.777173,45.416572],[-113.777203,45.415899],[-113.775587,45.411916],[-113.775591,45.41021],[-113.776056,45.408486],[-113.775539,45.407432],[-113.773796,45.406368],[-113.770388,45.406652],[-113.767819,45.406157],[-113.761807,45.406588],[-113.758524,45.40563],[-113.755386,45.403706],[-113.752744,45.402777],[-113.749112,45.402891],[-113.74808,45.400734],[-113.74338,45.396207],[-113.73438,45.39234],[-113.733633,45.391192],[-113.732668,45.388349],[-113.732745,45.38593],[-113.732487,45.384857],[-113.732799,45.383761],[-113.733823,45.382793],[-113.734347,45.379893],[-113.73412,45.379221],[-113.7344,45.376578],[-113.733897,45.374274],[-113.732932,45.373149],[-113.735651,45.370554],[-113.738888,45.368665],[-113.738892,45.368139],[-113.738607,45.367283],[-113.73637,45.365046],[-113.733528,45.364071],[-113.73352,45.363389],[-113.731334,45.357806],[-113.730652,45.356934],[-113.729005,45.356068],[-113.73362,45.353818],[-113.734446,45.353136],[-113.734854,45.351899],[-113.734894,45.350394],[-113.734491,45.348582],[-113.734694,45.348358],[-113.739991,45.345864],[-113.740354,45.345448],[-113.740023,45.343417],[-113.739352,45.342111],[-113.739926,45.341593],[-113.74015,45.340501],[-113.738702,45.338792],[-113.739883,45.336455],[-113.739572,45.33381],[-113.738595,45.331474],[-113.738674,45.329418],[-113.73575,45.325316],[-113.731722,45.323676],[-113.728588,45.319917],[-113.724156,45.319689],[-113.723463,45.318101],[-113.722718,45.317541],[-113.721142,45.317012],[-113.718536,45.316802],[-113.718868,45.31425],[-113.718493,45.313366],[-113.717339,45.312048],[-113.715841,45.311393],[-113.714926,45.30861],[-113.713108,45.306635],[-113.713664,45.305871],[-113.713339,45.30449],[-113.71105,45.302657],[-113.710048,45.301023],[-113.708139,45.300167],[-113.703765,45.299187],[-113.703125,45.297694],[-113.702916,45.294946],[-113.701812,45.294276],[-113.700583,45.292526],[-113.699285,45.291616],[-113.697313,45.291071],[-113.694452,45.289198],[-113.691213,45.288144],[-113.687276,45.28597],[-113.686377,45.284518],[-113.683541,45.282396],[-113.68149,45.279744],[-113.680292,45.278894],[-113.680232,45.277504],[-113.678975,45.275897],[-113.680334,45.274448],[-113.683491,45.272962],[-113.689275,45.273278],[-113.691919,45.272361],[-113.690768,45.268963],[-113.690927,45.267594],[-113.692378,45.264753],[-113.69295,45.264205],[-113.691901,45.26251],[-113.686648,45.257414],[-113.685162,45.255148],[-113.685038,45.253512],[-113.683693,45.252541],[-113.680017,45.250884],[-113.679625,45.249753],[-113.676111,45.249081],[-113.674822,45.249002],[-113.674428,45.249325],[-113.672033,45.248859],[-113.670422,45.247478],[-113.666887,45.246984],[-113.663433,45.243739],[-113.661428,45.243667],[-113.660626,45.243318],[-113.655438,45.240013],[-113.653909,45.238453],[-113.653639,45.237776],[-113.652667,45.237141],[-113.652191,45.23599],[-113.649146,45.234006],[-113.648567,45.231156],[-113.647808,45.229809],[-113.647931,45.227551],[-113.647302,45.225649],[-113.644699,45.222737],[-113.642119,45.220461],[-113.63977,45.219318],[-113.636928,45.216769],[-113.637056,45.212946],[-113.636366,45.211854],[-113.63167,45.21062],[-113.630331,45.208984],[-113.629436,45.208399],[-113.623521,45.20593],[-113.622296,45.205009],[-113.621484,45.2039],[-113.617934,45.202438],[-113.617302,45.201156],[-113.616337,45.200499],[-113.615597,45.199042],[-113.614499,45.198078],[-113.613192,45.19749],[-113.609626,45.19731],[-113.609035,45.195725],[-113.60635,45.194228],[-113.605402,45.192723],[-113.604344,45.192092],[-113.602747,45.191839],[-113.599699,45.192168],[-113.599403,45.190309],[-113.597452,45.188219],[-113.597727,45.187399],[-113.597245,45.186482],[-113.595215,45.185176],[-113.592147,45.184787],[-113.591926,45.184195],[-113.592329,45.182715],[-113.592215,45.18117],[-113.591142,45.17867],[-113.589464,45.177309],[-113.590235,45.175202],[-113.592085,45.172468],[-113.592209,45.171486],[-113.593543,45.170586],[-113.594203,45.169641],[-113.594255,45.166067],[-113.593704,45.164761],[-113.591792,45.162315],[-113.590606,45.161368],[-113.590314,45.159525],[-113.59072,45.155894],[-113.589847,45.155302],[-113.58708,45.154376],[-113.583234,45.153582],[-113.582878,45.152971],[-113.582435,45.150124],[-113.57997,45.148361],[-113.572519,45.148269],[-113.570836,45.147964],[-113.566039,45.149755],[-113.565717,45.149602],[-113.565386,45.146861],[-113.566622,45.14498],[-113.567057,45.143128],[-113.57239,45.137352],[-113.574323,45.135776],[-113.576738,45.131245],[-113.575485,45.129756],[-113.573203,45.128257],[-113.570181,45.125064],[-113.569753,45.124529],[-113.569898,45.123858],[-113.568081,45.12427],[-113.566126,45.124135],[-113.562569,45.122476],[-113.562196,45.121801],[-113.558509,45.119688],[-113.554052,45.118567],[-113.55253,45.11648],[-113.550901,45.114896],[-113.550394,45.113345],[-113.549676,45.112887],[-113.543908,45.112232],[-113.536873,45.112386],[-113.534402,45.114811],[-113.529623,45.116409],[-113.524603,45.115559],[-113.521824,45.115661],[-113.520253,45.115006],[-113.517022,45.115583],[-113.513258,45.116844],[-113.511262,45.116136],[-113.510275,45.115484],[-113.508412,45.112426],[-113.506505,45.110822],[-113.505947,45.109292],[-113.506062,45.107791],[-113.508774,45.105156],[-113.512056,45.099426],[-113.515431,45.097047],[-113.521219,45.093932],[-113.522651,45.092687],[-113.522764,45.092018],[-113.522201,45.091396],[-113.521179,45.090699],[-113.519696,45.089009],[-113.514854,45.085673],[-113.514137,45.084817],[-113.512004,45.084601],[-113.509074,45.083625],[-113.506063,45.083332],[-113.503295,45.08218],[-113.50153,45.081007],[-113.498593,45.081144],[-113.495951,45.080822],[-113.492676,45.078992],[-113.487853,45.075347],[-113.486898,45.074207],[-113.48861,45.072228],[-113.488829,45.071323],[-113.486316,45.069136],[-113.486049,45.067793],[-113.486373,45.065196],[-113.485545,45.063631],[-113.48345,45.063417],[-113.478868,45.062278],[-113.474366,45.061763],[-113.465033,45.062823],[-113.461794,45.064727],[-113.460338,45.064876],[-113.455946,45.062569],[-113.454163,45.060507],[-113.452057,45.059181],[-113.450609,45.053676],[-113.451174,45.049646],[-113.451025,45.048516],[-113.449325,45.046185],[-113.454814,45.041422],[-113.45579,45.0403],[-113.455817,45.039719],[-113.455015,45.038516],[-113.451139,45.036238],[-113.450085,45.03531],[-113.447235,45.034518],[-113.446305,45.033899],[-113.446148,45.03074],[-113.446315,45.030043],[-113.44783,45.028046],[-113.447562,45.025712],[-113.448477,45.023723],[-113.448318,45.022448],[-113.448703,45.020023],[-113.445731,45.018287],[-113.444617,45.016065],[-113.442035,45.01404],[-113.441823,45.012658],[-113.438739,45.009603],[-113.437986,45.008216],[-113.437896,45.007351],[-113.438594,45.005548],[-113.440384,45.003889],[-113.442706,45.002513],[-113.443391,45.001337],[-113.445486,44.99997],[-113.446875,44.998284],[-113.445785,44.996565],[-113.445077,44.991804],[-113.446651,44.98791],[-113.447103,44.985066],[-113.446853,44.983699],[-113.446251,44.982735],[-113.445849,44.978584],[-113.44496,44.976091],[-113.444938,44.973264],[-113.445815,44.972096],[-113.44788,44.971619],[-113.449759,44.970541],[-113.447654,44.96794],[-113.443891,44.960021],[-113.443953,44.959388],[-113.445546,44.95779],[-113.446304,44.955945],[-113.448709,44.953764],[-113.453289,44.952161],[-113.46002,44.952323],[-113.461071,44.952108],[-113.461129,44.951424],[-113.463166,44.950064],[-113.464226,44.948485],[-113.465428,44.947887],[-113.471805,44.948061],[-113.480459,44.950248],[-113.481204,44.950221],[-113.482523,44.94929],[-113.483449,44.947817],[-113.486859,44.946785],[-113.493022,44.94843],[-113.494664,44.948522],[-113.496239,44.947683],[-113.496861,44.945943],[-113.49782,44.944949],[-113.498082,44.943652],[-113.498832,44.942211],[-113.497134,44.940326],[-113.496655,44.937893],[-113.495709,44.936949],[-113.495268,44.934967],[-113.495494,44.9334],[-113.495254,44.931722],[-113.494519,44.930941],[-113.492104,44.930363],[-113.491861,44.928804],[-113.491105,44.92719],[-113.491598,44.925632],[-113.491555,44.924548],[-113.490759,44.92286],[-113.48952,44.921441],[-113.487989,44.92041],[-113.483711,44.919732],[-113.483515,44.918982],[-113.479661,44.915283],[-113.477998,44.912389],[-113.475477,44.91142],[-113.474051,44.910361],[-113.471667,44.909815],[-113.473135,44.908475],[-113.474163,44.905963],[-113.475025,44.905099],[-113.474589,44.903474],[-113.475335,44.901982],[-113.475871,44.898049],[-113.478609,44.895603],[-113.476168,44.894757],[-113.473713,44.893204],[-113.472454,44.891987],[-113.466166,44.890472],[-113.461214,44.886762],[-113.462129,44.884659],[-113.46257,44.881866],[-113.460601,44.878655],[-113.457281,44.875416],[-113.457073,44.873985],[-113.455512,44.870001],[-113.455831,44.867995],[-113.455225,44.865467],[-113.452243,44.863652],[-113.44368,44.861764],[-113.440838,44.856819],[-113.439483,44.855731],[-113.435958,44.855074],[-113.430618,44.855341],[-113.429094,44.854865],[-113.428224,44.852599],[-113.425934,44.849323],[-113.426057,44.848056],[-113.425631,44.847036],[-113.424183,44.845624],[-113.422406,44.842582],[-113.422628,44.841185],[-113.422139,44.839789],[-113.42213,44.837643],[-113.420787,44.837717],[-113.413528,44.840449],[-113.4115,44.84037],[-113.409395,44.840722],[-113.407019,44.839721],[-113.399846,44.838638],[-113.393364,44.836772],[-113.391329,44.837601],[-113.385129,44.837607],[-113.379897,44.836266],[-113.377581,44.835247],[-113.376927,44.834454],[-113.377106,44.831643],[-113.376577,44.83049],[-113.375259,44.830199],[-113.365459,44.823745],[-113.356301,44.820078],[-113.355476,44.817885],[-113.354343,44.816385],[-113.353991,44.814883],[-113.352294,44.812392],[-113.348394,44.804198],[-113.34619,44.801044],[-113.34608,44.800467],[-113.346506,44.798938],[-113.354703,44.795445],[-113.354792,44.794684],[-113.354097,44.791805],[-113.353005,44.790884],[-113.346056,44.7883],[-113.344895,44.786902],[-113.341198,44.784684],[-113.33803,44.785526],[-113.328067,44.789105],[-113.326899,44.790156],[-113.322098,44.792519],[-113.319702,44.794294],[-113.317538,44.795303],[-113.314809,44.796036],[-113.308684,44.796998],[-113.304237,44.798844],[-113.30152,44.799039],[-113.299753,44.80069],[-113.299807,44.802001],[-113.298992,44.803039],[-113.296263,44.803587],[-113.294811,44.804647],[-113.291551,44.805719],[-113.29028,44.806848],[-113.284754,44.808503],[-113.27883,44.812645],[-113.277039,44.812908],[-113.274145,44.814336],[-113.270398,44.814284],[-113.263843,44.816218],[-113.261763,44.817774],[-113.259622,44.81863],[-113.258502,44.819905],[-113.254935,44.820127],[-113.252309,44.821681],[-113.246873,44.822973],[-113.241978,44.818373],[-113.240178,44.817234],[-113.240104,44.815811],[-113.239689,44.814917],[-113.238346,44.813928],[-113.231885,44.814337],[-113.226297,44.812469],[-113.222604,44.810801],[-113.217264,44.810477],[-113.209368,44.809133],[-113.20654,44.807008],[-113.205373,44.805502],[-113.203617,44.80399],[-113.197031,44.8023],[-113.194634,44.802223],[-113.192361,44.801226],[-113.188039,44.798176],[-113.187626,44.796932],[-113.185763,44.7949],[-113.183427,44.793511],[-113.179552,44.787173],[-113.174735,44.784951],[-113.172759,44.784545],[-113.167211,44.780697],[-113.163702,44.778827],[-113.161686,44.779313],[-113.161191,44.780153],[-113.160304,44.78079],[-113.15779,44.780914],[-113.154731,44.779652],[-113.150141,44.77927],[-113.14898,44.778004],[-113.146169,44.776631],[-113.142869,44.776654],[-113.141921,44.777002],[-113.138445,44.776122],[-113.136799,44.774791],[-113.133458,44.773962],[-113.131461,44.77276],[-113.131319,44.772173],[-113.132512,44.769044],[-113.131361,44.764918],[-113.133442,44.763566],[-113.135558,44.762763],[-113.137739,44.760124],[-113.137064,44.758235],[-113.135572,44.756765],[-113.134761,44.752768],[-113.133045,44.751173],[-113.129425,44.749564],[-113.127703,44.749378],[-113.12574,44.749705],[-113.124915,44.749444],[-113.123205,44.748584],[-113.120274,44.745958],[-113.11906,44.742462],[-113.117182,44.741267],[-113.116479,44.740059],[-113.116398,44.735799],[-113.11746,44.73411],[-113.117273,44.732885],[-113.116828,44.732506],[-113.115103,44.732374],[-113.113273,44.733384],[-113.112461,44.733445],[-113.109855,44.732316],[-113.105825,44.731234],[-113.103324,44.729862],[-113.101631,44.729472],[-113.101549,44.728756],[-113.102287,44.725818],[-113.101934,44.722746],[-113.100983,44.721119],[-113.100719,44.718812],[-113.099418,44.717781],[-113.100899,44.717389],[-113.101742,44.715527],[-113.101607,44.711287],[-113.101192,44.709245],[-113.101827,44.707133],[-113.100633,44.705373],[-113.097036,44.701472],[-113.097847,44.698876],[-113.095948,44.696553],[-113.093964,44.695315],[-113.090847,44.694848],[-113.08787,44.693771],[-113.086417,44.692772],[-113.08487,44.692731],[-113.082126,44.691665],[-113.079857,44.688766],[-113.079565,44.687839],[-113.082071,44.683977],[-113.080957,44.683059],[-113.077086,44.680855],[-113.070488,44.679437],[-113.068967,44.679394],[-113.067772,44.678791],[-113.06712,44.674224],[-113.069561,44.669777],[-113.069748,44.668691],[-113.069292,44.667194],[-113.068017,44.657679],[-113.067001,44.656263],[-113.06529,44.654832],[-113.064052,44.652743],[-113.06549,44.650715],[-113.065603,44.649261],[-113.053888,44.639273],[-113.051772,44.637103],[-113.050735,44.634549],[-113.049855,44.628779],[-113.053668,44.621664],[-113.058163,44.617995],[-113.059797,44.617832],[-113.061398,44.618367],[-113.063503,44.618335],[-113.071901,44.615878],[-113.074684,44.613989],[-113.077105,44.609671],[-113.080038,44.606933],[-113.082539,44.605475],[-113.084972,44.602166],[-113.08645,44.600778],[-113.088306,44.599671],[-113.08593,44.59907],[-113.084809,44.598409],[-113.081709,44.597722],[-113.080521,44.597228],[-113.076969,44.594702],[-113.07254,44.593305],[-113.070173,44.59162],[-113.068053,44.590607],[-113.06576,44.588057],[-113.06228,44.586244],[-113.063803,44.583969],[-113.066864,44.581213],[-113.067359,44.579307],[-113.067189,44.579074],[-113.061885,44.576806],[-113.059291,44.575184],[-113.055721,44.573539],[-113.051312,44.57203],[-113.046022,44.569577],[-113.044756,44.568224],[-113.041944,44.568003],[-113.039564,44.567309],[-113.038778,44.566656],[-113.038385,44.56531],[-113.037299,44.564777],[-113.03635,44.561945],[-113.036841,44.560369],[-113.039152,44.558771],[-113.041737,44.557844],[-113.044818,44.556239],[-113.046781,44.553607],[-113.047716,44.547705],[-113.047113,44.546293],[-113.045372,44.544331],[-113.044234,44.543377],[-113.04228,44.542504],[-113.038693,44.53974],[-113.033371,44.537526],[-113.03175,44.537046],[-113.028981,44.537062],[-113.027087,44.537545],[-113.026814,44.538508],[-113.026355,44.53856],[-113.024181,44.537033],[-113.022708,44.534824],[-113.020229,44.532518],[-113.018746,44.531373],[-113.016426,44.530787],[-113.015597,44.530245],[-113.01578,44.529459],[-113.011368,44.527445],[-113.009206,44.527735],[-113.007966,44.527187],[-113.006545,44.525783],[-113.0054,44.521012],[-113.005532,44.519852],[-113.011568,44.517952],[-113.012937,44.517284],[-113.013457,44.516589],[-113.015959,44.515995],[-113.016288,44.515103],[-113.016189,44.514354],[-113.015103,44.512169],[-113.015729,44.50947],[-113.01548,44.507551],[-113.015892,44.505942],[-113.016855,44.504131],[-113.022411,44.499934],[-113.024981,44.497224],[-113.026513,44.496174],[-113.026838,44.49552],[-113.026049,44.493567],[-113.024404,44.491761],[-113.022945,44.488161],[-113.020433,44.484739],[-113.020002,44.483704],[-113.017599,44.481556],[-113.01434,44.479366],[-113.011263,44.475413],[-113.006131,44.470988],[-113.008562,44.46683],[-113.008787,44.463784],[-113.007821,44.46085],[-113.006006,44.458065],[-113.006186,44.455875],[-113.004497,44.452798],[-113.001992,44.449864],[-112.998608,44.448181],[-112.996983,44.447971],[-112.996144,44.447289],[-112.994638,44.446937],[-112.989054,44.443336],[-112.987272,44.441006],[-112.984493,44.438811],[-112.981209,44.434314],[-112.98042,44.433747],[-112.978504,44.433552],[-112.976104,44.431879],[-112.97153,44.427574],[-112.970077,44.427286],[-112.966261,44.425601],[-112.965518,44.424513],[-112.964256,44.424281],[-112.963062,44.423263],[-112.960793,44.424005],[-112.955653,44.423885],[-112.952062,44.425028],[-112.952165,44.424356],[-112.953228,44.422959],[-112.953294,44.422288],[-112.951985,44.420763],[-112.951896,44.4194],[-112.951011,44.417267],[-112.949713,44.416588],[-112.946951,44.416032],[-112.945431,44.41464],[-112.938795,44.412354],[-112.931365,44.413488],[-112.927679,44.411881],[-112.926417,44.410609],[-112.924573,44.410383],[-112.921161,44.410928],[-112.918688,44.409205],[-112.917761,44.407536],[-112.917689,44.405172],[-112.914631,44.40267],[-112.90856,44.401368],[-112.904682,44.400126],[-112.902023,44.398871],[-112.898984,44.400226],[-112.896437,44.40082],[-112.894352,44.402531],[-112.892378,44.404881],[-112.890079,44.406033],[-112.889571,44.405946],[-112.888049,44.403318],[-112.886086,44.402299],[-112.884421,44.402042],[-112.883546,44.400629],[-112.883487,44.400245],[-112.884191,44.399425],[-112.885579,44.39627],[-112.8855,44.395553],[-112.88358,44.39286],[-112.88363,44.389515],[-112.882488,44.386644],[-112.881751,44.385715],[-112.881918,44.38373],[-112.881371,44.381792],[-112.881596,44.379263],[-112.877657,44.377423],[-112.876194,44.377522],[-112.875725,44.37724],[-112.873281,44.374771],[-112.873227,44.373875],[-112.873712,44.372866],[-112.872988,44.372155],[-112.869078,44.370645],[-112.863914,44.36981],[-112.861569,44.367844],[-112.860218,44.365262],[-112.855885,44.361217],[-112.85569,44.360327],[-112.853936,44.359504],[-112.85048,44.359203],[-112.849367,44.358626],[-112.8478,44.358551],[-112.846408,44.357944],[-112.84458,44.357977],[-112.844255,44.35887],[-112.842811,44.359786],[-112.840617,44.361902],[-112.837051,44.362169],[-112.835103,44.363644],[-112.829301,44.365717],[-112.82849,44.366533],[-112.823522,44.368733],[-112.822294,44.369945],[-112.820777,44.370416],[-112.818978,44.371812],[-112.81547,44.375843],[-112.812223,44.377149],[-112.813371,44.378395],[-112.813534,44.379681],[-112.813209,44.381326],[-112.814207,44.383471],[-112.8134,44.384848],[-112.81307,44.386598],[-112.811958,44.387913],[-112.812699,44.390629],[-112.812586,44.392412],[-112.812813,44.393061],[-112.814332,44.393692],[-112.815071,44.394409],[-112.815112,44.395105],[-112.81486,44.395748],[-112.813001,44.39772],[-112.810071,44.398767],[-112.812306,44.398991],[-112.813631,44.399544],[-112.815625,44.399858],[-112.81852,44.399698],[-112.819959,44.400206],[-112.821327,44.402215],[-112.822175,44.405011],[-112.82163,44.40636],[-112.821808,44.407173],[-112.824045,44.409632],[-112.827387,44.412324],[-112.830787,44.416001],[-112.831951,44.416787],[-112.833069,44.419198],[-112.835699,44.421974],[-112.839392,44.423792],[-112.839972,44.424391],[-112.839905,44.424722],[-112.839442,44.425126],[-112.836433,44.426102],[-112.833816,44.428873],[-112.832659,44.429669],[-112.830797,44.430177],[-112.826912,44.432079],[-112.827567,44.432762],[-112.828439,44.436351],[-112.828312,44.440978],[-112.827627,44.442478],[-112.826978,44.443135],[-112.824661,44.444685],[-112.820479,44.445264],[-112.819568,44.44636],[-112.818204,44.447059],[-112.817114,44.449475],[-112.81568,44.451409],[-112.815172,44.453007],[-112.81391,44.45399],[-112.81135,44.454828],[-112.809475,44.4532],[-112.808858,44.452951],[-112.807721,44.45313],[-112.805825,44.456002],[-112.802925,44.456932],[-112.800193,44.459726],[-112.798054,44.460921],[-112.796881,44.464388],[-112.797524,44.46556],[-112.798212,44.466053],[-112.798058,44.466345],[-112.793273,44.468914],[-112.791003,44.471776],[-112.787847,44.473741],[-112.786618,44.47725],[-112.785619,44.478992],[-112.783605,44.480464],[-112.780201,44.482236],[-112.780077,44.482991],[-112.780761,44.484658],[-112.772158,44.483613],[-112.768724,44.484622],[-112.764672,44.486851],[-112.762451,44.487685],[-112.756662,44.488568],[-112.754381,44.488535],[-112.752699,44.489434],[-112.749775,44.490142],[-112.748272,44.489925],[-112.744163,44.488244],[-112.743059,44.488348],[-112.740368,44.489978],[-112.737479,44.493276],[-112.735082,44.497849],[-112.734558,44.499496],[-112.726889,44.502103],[-112.723378,44.502802],[-112.720085,44.504248],[-112.718555,44.504325],[-112.714908,44.503428],[-112.70854,44.503238],[-112.698709,44.499981],[-112.692751,44.499999],[-112.688771,44.498375],[-112.686985,44.49451],[-112.685885,44.493316],[-112.684975,44.492854],[-112.679315,44.492136],[-112.674067,44.491891],[-112.671988,44.491374],[-112.668129,44.489525],[-112.666474,44.487528],[-112.665377,44.486852],[-112.661783,44.485999],[-112.660337,44.486091],[-112.657474,44.487162],[-112.654779,44.487158],[-112.65142,44.487617],[-112.649751,44.488226],[-112.648185,44.488238],[-112.644441,44.489631],[-112.641005,44.490356],[-112.636717,44.490282],[-112.633356,44.491103],[-112.631041,44.490065],[-112.629889,44.488812],[-112.629516,44.486268],[-112.628861,44.484837],[-112.629139,44.482818],[-112.62503,44.483034],[-112.623562,44.484362],[-112.621384,44.485363],[-112.620378,44.486315],[-112.617905,44.487391],[-112.615345,44.487728],[-112.606039,44.490152],[-112.601971,44.490712],[-112.598023,44.488863],[-112.597464,44.487906],[-112.595001,44.487514],[-112.592172,44.485072],[-112.590582,44.484194],[-112.589157,44.483823],[-112.586564,44.482313],[-112.585352,44.48121],[-112.584606,44.481201],[-112.583531,44.481892],[-112.581912,44.482074],[-112.578463,44.480696],[-112.57797,44.4801],[-112.576382,44.480952],[-112.573901,44.481055],[-112.571842,44.482135],[-112.569592,44.482676],[-112.565047,44.482919],[-112.559737,44.482639],[-112.554617,44.484166],[-112.55195,44.484241],[-112.550159,44.484752],[-112.549558,44.484703],[-112.54881,44.483653],[-112.547884,44.483151],[-112.543555,44.48398],[-112.541777,44.483794],[-112.540454,44.482794],[-112.538805,44.482124],[-112.535856,44.47839],[-112.531576,44.478326],[-112.527893,44.47649],[-112.526313,44.477202],[-112.525068,44.477251],[-112.523347,44.476392],[-112.520134,44.475713],[-112.518725,44.475585],[-112.516874,44.475943],[-112.513907,44.475124],[-112.512343,44.473337],[-112.511638,44.471786],[-112.511777,44.46973],[-112.510716,44.468782],[-112.511559,44.46679],[-112.511305,44.46639],[-112.508779,44.465267],[-112.503766,44.464152],[-112.500658,44.462773],[-112.497202,44.466065],[-112.496976,44.466844],[-112.497147,44.468077],[-112.49648,44.468201],[-112.494476,44.467733],[-112.49147,44.4703],[-112.485046,44.470875],[-112.483666,44.474357],[-112.48164,44.474792],[-112.480091,44.474653],[-112.479553,44.475359],[-112.477263,44.47646],[-112.476131,44.478075],[-112.473113,44.479375],[-112.469607,44.478382],[-112.468614,44.477437],[-112.467464,44.477023],[-112.464384,44.474948],[-112.460366,44.475122],[-112.459469,44.473845],[-112.45593,44.471765],[-112.455552,44.471149],[-112.455271,44.470629],[-112.456081,44.469404],[-112.455248,44.466262],[-112.452847,44.466541],[-112.452177,44.466938],[-112.449305,44.467032],[-112.44779,44.46798],[-112.445887,44.467685],[-112.443652,44.466772],[-112.441525,44.466583],[-112.442366,44.465319],[-112.43961,44.464294],[-112.435199,44.461808],[-112.434437,44.460444],[-112.433554,44.459842],[-112.434661,44.456351],[-112.434096,44.454355],[-112.431743,44.454682],[-112.429538,44.453439],[-112.427563,44.453509],[-112.425674,44.454367],[-112.42303,44.454697],[-112.421748,44.453827],[-112.418053,44.453654],[-112.416078,44.453008],[-112.412962,44.455481],[-112.408052,44.457502],[-112.406141,44.457173],[-112.405308,44.456462],[-112.402713,44.456323],[-112.401222,44.455802],[-112.398865,44.453188],[-112.396318,44.452261],[-112.394367,44.452132],[-112.392524,44.45115],[-112.391041,44.450791],[-112.389428,44.449876],[-112.387143,44.447398],[-112.38654,44.447315],[-112.383287,44.451604],[-112.380962,44.453379],[-112.380221,44.454635],[-112.377581,44.456105],[-112.376579,44.458093],[-112.374756,44.460234],[-112.372617,44.462053],[-112.372168,44.463169],[-112.369757,44.465985],[-112.368454,44.467057],[-112.36608,44.466988],[-112.366505,44.468542],[-112.365528,44.471485],[-112.364723,44.472857],[-112.364771,44.474241],[-112.364005,44.47637],[-112.364506,44.480312],[-112.362802,44.481659],[-112.363076,44.48297],[-112.361652,44.484837],[-112.36095,44.48507],[-112.358846,44.484894],[-112.358382,44.485269],[-112.35868,44.486151],[-112.357636,44.4887],[-112.357451,44.490946],[-112.356673,44.492845],[-112.356943,44.494331],[-112.358363,44.496013],[-112.358418,44.496441],[-112.356827,44.497963],[-112.357156,44.504063],[-112.356412,44.505234],[-112.357675,44.506074],[-112.358405,44.508972],[-112.357758,44.511509],[-112.358325,44.519907],[-112.357909,44.521545],[-112.357109,44.522717],[-112.356666,44.524891],[-112.356999,44.525458],[-112.358274,44.525961],[-112.358838,44.529418],[-112.358391,44.529887],[-112.35758,44.529769],[-112.356985,44.530202],[-112.356505,44.531169],[-112.356466,44.532331],[-112.355684,44.533712],[-112.354558,44.53448],[-112.354417,44.535575],[-112.352768,44.537002],[-112.352681,44.537872],[-112.351661,44.537793],[-112.347841,44.538784],[-112.343726,44.538398],[-112.341934,44.537336],[-112.341324,44.537292],[-112.338582,44.537558],[-112.335336,44.538602],[-112.331954,44.53865],[-112.328119,44.537975],[-112.326,44.538863],[-112.31951,44.538911],[-112.315226,44.541443],[-112.31461,44.542986],[-112.314602,44.543939],[-112.315616,44.546433],[-112.314837,44.549171],[-112.315045,44.550535],[-112.313756,44.553049],[-112.31107,44.554824],[-112.309401,44.555304],[-112.307683,44.55757],[-112.30564,44.558337],[-112.30465,44.559076],[-112.302023,44.559263],[-112.298366,44.55884],[-112.297448,44.560451],[-112.296348,44.561214],[-112.295779,44.561486],[-112.292707,44.561664],[-112.292351,44.563439],[-112.291075,44.565674],[-112.288933,44.567256],[-112.288689,44.567917],[-112.286583,44.568566],[-112.284724,44.568517],[-112.282795,44.567279],[-112.277308,44.56647],[-112.27579,44.5658],[-112.272275,44.566163],[-112.269522,44.565557],[-112.267392,44.565511],[-112.2663,44.565905],[-112.264179,44.567368],[-112.261662,44.568106],[-112.259199,44.568267],[-112.258637,44.569677],[-112.256717,44.571685],[-112.25315,44.568731],[-112.251154,44.567728],[-112.248389,44.568473],[-112.243685,44.5683],[-112.242194,44.5679],[-112.24075,44.566675],[-112.235729,44.565106],[-112.22924,44.564097],[-112.229006,44.563845],[-112.230197,44.562664],[-112.230249,44.561453],[-112.230929,44.560244],[-112.231082,44.559],[-112.230429,44.558102],[-112.227339,44.557537],[-112.227089,44.554686],[-112.229106,44.552825],[-112.229646,44.549526],[-112.227423,44.547623],[-112.224503,44.546039],[-112.222888,44.54477],[-112.222348,44.54395],[-112.221067,44.543268],[-112.216686,44.542761],[-112.214404,44.541469],[-112.21013,44.540285],[-112.207937,44.54026],[-112.203261,44.539363],[-112.195536,44.537371],[-112.19168,44.535641],[-112.186309,44.534126],[-112.183673,44.53296],[-112.181933,44.533122],[-112.180089,44.532784],[-112.177592,44.535173],[-112.171343,44.537905],[-112.164664,44.54154],[-112.157941,44.5396],[-112.151724,44.538362],[-112.148902,44.536763],[-112.147837,44.537126],[-112.147062,44.538336],[-112.145772,44.53922],[-112.143274,44.539776],[-112.139803,44.539126],[-112.136704,44.539875],[-112.13623,44.538061],[-112.135385,44.537189],[-112.131361,44.537742],[-112.130855,44.537615],[-112.130049,44.536405],[-112.129178,44.536167],[-112.129164,44.534104],[-112.127161,44.532208],[-112.126912,44.531619],[-112.127062,44.528897],[-112.125584,44.528734],[-112.121419,44.52687],[-112.115406,44.525188],[-112.109537,44.524237],[-112.107933,44.523144],[-112.106399,44.520562],[-112.104447,44.520946],[-112.101529,44.520797],[-112.0965,44.522999],[-112.096162,44.523484],[-112.09604,44.525034],[-112.094727,44.527228],[-112.094538,44.528522],[-112.093918,44.529529],[-112.093109,44.530024],[-112.084783,44.532304],[-112.080499,44.533854],[-112.076145,44.533262],[-112.075291,44.533401],[-112.073334,44.534875],[-112.069084,44.537158],[-112.066708,44.536162],[-112.064505,44.535896],[-112.055491,44.536681],[-112.052718,44.534743],[-112.046086,44.534064],[-112.044211,44.532481],[-112.042731,44.532277],[-112.038345,44.532795],[-112.03746,44.532241],[-112.037045,44.530425],[-112.034745,44.528633],[-112.03415,44.528369],[-112.03285,44.528439],[-112.032303,44.529222],[-112.032836,44.53511],[-112.033741,44.536812],[-112.035085,44.541987],[-112.033844,44.545475],[-112.033073,44.545928],[-112.032774,44.546696],[-112.027236,44.546019],[-112.023453,44.545106],[-112.020909,44.544011],[-112.018679,44.542453],[-112.017109,44.542032],[-112.014323,44.542314],[-112.011237,44.543385],[-112.010325,44.54271],[-112.007909,44.541743],[-112.00763,44.54027],[-112.004443,44.53771],[-112.001695,44.538165],[-111.999949,44.5379],[-111.998149,44.537092],[-111.995532,44.53502],[-111.994291,44.535157],[-111.992055,44.537536],[-111.982321,44.536843],[-111.979236,44.535869],[-111.97774,44.535751],[-111.977087,44.536141],[-111.975593,44.536059],[-111.973365,44.537242],[-111.971236,44.537943],[-111.969758,44.539421],[-111.969037,44.542064],[-111.967232,44.54407],[-111.967631,44.544918],[-111.964115,44.544092],[-111.962437,44.544485],[-111.961197,44.549167],[-111.959788,44.549506],[-111.956225,44.548648],[-111.953944,44.548667],[-111.951696,44.549461],[-111.950205,44.55153],[-111.948915,44.556316],[-111.947798,44.55702],[-111.94562,44.556947],[-111.941122,44.556159],[-111.937174,44.55762],[-111.934482,44.558084],[-111.932278,44.557426],[-111.930325,44.557328],[-111.928841,44.557644],[-111.924979,44.557184],[-111.922625,44.55764],[-111.919826,44.557581],[-111.916211,44.556307],[-111.907798,44.556432],[-111.905789,44.557001],[-111.90295,44.55668],[-111.899654,44.55756],[-111.897706,44.558895],[-111.895183,44.559432],[-111.894702,44.560513],[-111.894586,44.562237],[-111.892336,44.563955],[-111.889434,44.564656],[-111.885567,44.56203],[-111.883302,44.561548],[-111.88197,44.560504],[-111.879475,44.560416],[-111.875382,44.561956],[-111.873782,44.563147],[-111.871511,44.562953],[-111.870719,44.563265],[-111.869763,44.564539],[-111.869335,44.566628],[-111.868493,44.565245],[-111.866463,44.563107],[-111.866358,44.562578],[-111.867163,44.561115],[-111.867565,44.559396],[-111.865567,44.558008],[-111.864911,44.557123],[-111.864898,44.555353],[-111.863912,44.552528],[-111.863929,44.551466],[-111.861696,44.550349],[-111.857216,44.549385],[-111.856922,44.549098],[-111.856671,44.545979],[-111.853179,44.543644],[-111.852176,44.542375],[-111.849251,44.539977],[-111.848831,44.538458],[-111.846713,44.535499],[-111.842309,44.526179],[-111.837895,44.523451],[-111.833736,44.521574],[-111.832309,44.520366],[-111.831105,44.519946],[-111.829951,44.519992],[-111.831263,44.517333],[-111.827867,44.514095],[-111.824448,44.511749],[-111.824277,44.51048],[-111.821545,44.508946],[-111.819728,44.509473],[-111.817747,44.509621],[-111.810649,44.51149],[-111.808777,44.509959],[-111.807985,44.510167],[-111.807985,44.511609],[-111.809397,44.512862],[-111.806096,44.516126],[-111.806363,44.516842],[-111.808265,44.518393],[-111.808174,44.519774],[-111.805692,44.522882],[-111.804204,44.524208],[-111.801134,44.525991],[-111.795375,44.5266],[-111.791081,44.525861],[-111.787989,44.524399],[-111.785465,44.523603],[-111.784667,44.523662],[-111.782599,44.524596],[-111.779811,44.523848],[-111.778001,44.524565],[-111.777568,44.525592],[-111.771525,44.530873],[-111.768171,44.528367],[-111.765582,44.527561],[-111.762739,44.525805],[-111.762039,44.526203],[-111.761387,44.527242],[-111.761559,44.529288],[-111.760847,44.53052],[-111.759764,44.531423],[-111.759474,44.53255],[-111.758921,44.533282],[-111.757684,44.533692],[-111.753886,44.536124],[-111.752314,44.536541],[-111.750873,44.538012],[-111.749928,44.539585],[-111.747787,44.539789],[-111.745995,44.540882],[-111.741382,44.540881],[-111.740529,44.541939],[-111.737551,44.543073],[-111.735018,44.543012],[-111.732385,44.542121],[-111.731716,44.542199],[-111.730735,44.542859],[-111.729327,44.54292],[-111.727046,44.544135],[-111.723801,44.543624],[-111.719572,44.54427],[-111.717135,44.54323],[-111.715662,44.543372],[-111.714519,44.544468],[-111.713851,44.54682],[-111.712665,44.548557],[-111.709372,44.550225],[-111.707267,44.552494],[-111.705471,44.555797],[-111.704736,44.558758],[-111.704167,44.559651],[-111.703179,44.560151],[-111.702215,44.560138],[-111.700675,44.559144],[-111.697862,44.55824],[-111.69218,44.55728],[-111.691049,44.556422],[-111.69001,44.556203],[-111.686683,44.558191],[-111.684997,44.560899],[-111.683011,44.561659],[-111.680457,44.559356],[-111.676629,44.557686],[-111.672581,44.556678],[-111.669328,44.556534],[-111.667716,44.55599],[-111.665107,44.555705],[-111.663541,44.555769],[-111.661064,44.553639],[-111.659279,44.552665],[-111.655577,44.553074],[-111.653419,44.554606],[-111.651357,44.555143],[-111.649927,44.554659],[-111.646842,44.554799],[-111.643382,44.553922],[-111.640604,44.552743],[-111.637435,44.552437],[-111.633237,44.553351],[-111.628905,44.551914],[-111.6245,44.551519],[-111.622608,44.550643],[-111.620038,44.550773],[-111.617653,44.550467],[-111.616206,44.550111],[-111.614815,44.548872],[-111.613912,44.548682],[-111.61231,44.548937],[-111.610827,44.54999],[-111.605561,44.552301],[-111.604349,44.553414],[-111.60223,44.553646],[-111.600288,44.554404],[-111.598058,44.555558],[-111.59581,44.557457],[-111.592238,44.558677],[-111.591911,44.559743],[-111.592654,44.560667],[-111.592503,44.561022],[-111.588078,44.562614],[-111.585703,44.56263],[-111.584996,44.562365],[-111.584283,44.561354],[-111.583288,44.56126],[-111.581939,44.559993],[-111.577679,44.558888],[-111.575199,44.55936],[-111.568645,44.557668],[-111.56442,44.557499],[-111.564004,44.556204],[-111.562265,44.555138],[-111.560161,44.55528],[-111.559199,44.554727],[-111.556576,44.554689],[-111.5552,44.555125],[-111.554264,44.555845],[-111.549197,44.556145],[-111.547827,44.557312],[-111.54719,44.557251],[-111.545957,44.556586],[-111.544706,44.554281],[-111.543363,44.553399],[-111.54138,44.552923],[-111.539213,44.551324],[-111.535594,44.550322],[-111.525565,44.548722],[-111.523609,44.547865],[-111.519981,44.544316],[-111.518332,44.543453],[-111.518078,44.54094],[-111.517452,44.540615],[-111.517021,44.53888],[-111.51639,44.537838],[-111.514564,44.536569],[-111.512041,44.535868],[-111.508104,44.536233],[-111.507053,44.536604],[-111.503721,44.539022],[-111.50102,44.540199],[-111.499892,44.541859],[-111.499162,44.542048],[-111.497515,44.542041],[-111.496573,44.541217],[-111.4956,44.540912],[-111.49256,44.540616],[-111.488539,44.540924],[-111.485904,44.541674],[-111.483809,44.540892],[-111.479737,44.542093],[-111.479172,44.541752],[-111.476994,44.541528],[-111.475846,44.540904],[-111.471895,44.540873],[-111.470283,44.540448],[-111.468973,44.539286],[-111.46802,44.538952],[-111.467921,44.540212],[-111.463553,44.541359],[-111.467666,44.544624],[-111.467746,44.545135],[-111.466963,44.546972],[-111.467581,44.547715],[-111.46808,44.549292],[-111.467936,44.550999],[-111.469079,44.551957],[-111.469163,44.552775],[-111.468001,44.55495],[-111.468695,44.556272],[-111.469382,44.556895],[-111.469373,44.557674],[-111.472373,44.557317],[-111.475482,44.556362],[-111.476005,44.554423],[-111.478594,44.553411],[-111.480584,44.554704],[-111.480735,44.555819],[-111.486105,44.557677],[-111.486706,44.558359],[-111.489039,44.559607],[-111.492116,44.560802],[-111.496689,44.561185],[-111.5021,44.561019],[-111.50489,44.56202],[-111.507785,44.562299],[-111.50991,44.564975],[-111.509602,44.566245],[-111.507167,44.568432],[-111.506324,44.56878],[-111.505138,44.568948],[-111.504097,44.568461],[-111.502598,44.568715],[-111.502136,44.569828],[-111.50094,44.571287],[-111.501356,44.57249],[-111.504658,44.574759],[-111.506251,44.576113],[-111.50648,44.576774],[-111.508464,44.577071],[-111.512083,44.579346],[-111.514023,44.579963],[-111.517672,44.582012],[-111.51917,44.583794],[-111.519329,44.584603],[-111.519006,44.585447],[-111.51944,44.588713],[-111.519899,44.589187],[-111.52243,44.590015],[-111.522946,44.591416],[-111.523627,44.592215],[-111.523762,44.592865],[-111.523258,44.594032],[-111.523805,44.594567],[-111.524493,44.597629],[-111.523513,44.598845],[-111.520944,44.59993],[-111.519353,44.601769],[-111.520001,44.602689],[-111.521431,44.60362],[-111.525659,44.604391],[-111.522299,44.608555],[-111.521101,44.610972],[-111.519665,44.611957],[-111.522446,44.61313],[-111.522629,44.614085],[-111.521145,44.615297],[-111.519303,44.615863],[-111.518449,44.616477],[-111.516388,44.619243],[-111.516675,44.61997],[-111.516313,44.6203],[-111.512789,44.621421],[-111.508402,44.624872],[-111.504572,44.625313],[-111.502515,44.626509],[-111.503181,44.628873],[-111.503885,44.629944],[-111.507364,44.632449],[-111.509072,44.633101],[-111.509798,44.634216],[-111.511411,44.638611],[-111.511928,44.639106],[-111.513307,44.639259],[-111.51571,44.640744],[-111.516485,44.640893],[-111.516568,44.642629],[-111.516129,44.643721],[-111.516326,44.643999],[-111.511096,44.644288],[-111.507961,44.645593],[-111.505793,44.644311],[-111.5049,44.644343],[-111.503958,44.644746],[-111.501997,44.64692],[-111.501374,44.649247],[-111.500972,44.649641],[-111.498953,44.647851],[-111.498603,44.646789],[-111.497296,44.64609],[-111.495291,44.644325],[-111.493918,44.64432],[-111.490375,44.642365],[-111.490012,44.642669],[-111.491423,44.643757],[-111.491687,44.644747],[-111.491482,44.64775],[-111.490732,44.648862],[-111.490635,44.649651],[-111.489399,44.65],[-111.488045,44.651093],[-111.487413,44.653792],[-111.486175,44.654661],[-111.482669,44.655512],[-111.48149,44.656884],[-111.480614,44.657405],[-111.480288,44.658183],[-111.479051,44.658663],[-111.477575,44.66031],[-111.478556,44.661561],[-111.478321,44.662168],[-111.473351,44.664989],[-111.472499,44.666192],[-111.47226,44.667088],[-111.473004,44.668113],[-111.475657,44.669001],[-111.476675,44.673096],[-111.476531,44.673722],[-111.476042,44.674013],[-111.474498,44.673892],[-111.473709,44.67453],[-111.4714,44.675135],[-111.470509,44.677007],[-111.46853,44.678736],[-111.468525,44.679181],[-111.469318,44.679835],[-111.471973,44.680173],[-111.473748,44.681537],[-111.474924,44.681249],[-111.476679,44.68144],[-111.478298,44.683089],[-111.478114,44.683775],[-111.479601,44.684045],[-111.480512,44.685068],[-111.482141,44.685796],[-111.484618,44.687577],[-111.484795,44.687871],[-111.483392,44.689381],[-111.483369,44.689931],[-111.482575,44.691],[-111.483332,44.691224],[-111.482714,44.692571],[-111.483381,44.693198],[-111.48378,44.694467],[-111.487171,44.696158],[-111.487255,44.697924],[-111.489731,44.69966],[-111.489848,44.701404],[-111.488927,44.703387],[-111.489257,44.704465],[-111.488799,44.705646],[-111.485544,44.707784],[-111.483394,44.707036],[-111.479492,44.706809],[-111.477611,44.707779],[-111.476267,44.70804],[-111.475436,44.708664],[-111.471573,44.709826],[-111.465576,44.713732],[-111.457377,44.716054],[-111.455713,44.716135],[-111.449551,44.717433],[-111.446889,44.717404],[-111.442766,44.720234],[-111.436781,44.720844],[-111.43026,44.720707],[-111.426116,44.717795],[-111.426122,44.71696],[-111.424436,44.714359],[-111.418069,44.712801],[-111.41545,44.710899],[-111.414307,44.710865],[-111.411276,44.714336],[-111.407695,44.716472],[-111.406659,44.718311],[-111.40524,44.719373],[-111.404376,44.721057],[-111.400496,44.721731],[-111.397972,44.723646],[-111.397773,44.72408],[-111.398379,44.72622],[-111.397053,44.727937],[-111.397484,44.729119],[-111.398523,44.730467],[-111.398452,44.732542],[-111.399302,44.733539],[-111.399398,44.734271],[-111.398636,44.735877],[-111.396359,44.738825],[-111.395272,44.739224],[-111.395795,44.741036],[-111.394445,44.744119],[-111.394539,44.744801],[-111.395599,44.745693],[-111.397858,44.746387],[-111.396628,44.747774],[-111.395856,44.748041],[-111.395879,44.748723],[-111.393112,44.750845],[-111.392984,44.752314],[-111.390782,44.753052],[-111.387901,44.753121],[-111.384839,44.754958],[-111.383058,44.753724],[-111.375821,44.751042],[-111.374504,44.750193],[-111.374266,44.749801],[-111.37508,44.748874],[-111.374606,44.747817],[-111.372314,44.746649],[-111.36967,44.744013],[-111.36672,44.742823],[-111.366275,44.742249],[-111.366758,44.741264],[-111.366369,44.740426],[-111.366718,44.738528],[-111.366498,44.738128],[-111.365064,44.736848],[-111.361916,44.734939],[-111.358221,44.729801],[-111.35695,44.728995],[-111.355613,44.727422],[-111.352981,44.72618],[-111.348081,44.725317],[-111.34629,44.726929],[-111.341613,44.729387],[-111.337551,44.733148],[-111.33684,44.73311],[-111.334238,44.731686],[-111.333085,44.731389],[-111.328656,44.731324],[-111.323687,44.729081],[-111.323067,44.72856],[-111.32283,44.72783],[-111.32273,44.726947],[-111.323744,44.724624],[-111.322499,44.718781],[-111.318937,44.716159],[-111.31789,44.714482],[-111.306817,44.707711],[-111.303763,44.706471],[-111.301475,44.705927],[-111.301005,44.705631],[-111.300604,44.704196],[-111.30024,44.703899],[-111.2962,44.702204],[-111.294891,44.700297],[-111.29486,44.698257],[-111.295115,44.697573],[-111.29616,44.696641],[-111.296403,44.695055],[-111.29727,44.693978],[-111.296751,44.692923],[-111.296894,44.691449],[-111.29503,44.689644],[-111.293438,44.688659],[-111.293094,44.68788],[-111.291055,44.686194],[-111.288146,44.68614],[-111.284326,44.684179],[-111.281114,44.683498],[-111.279266,44.682238],[-111.276199,44.678317],[-111.276928,44.675962],[-111.275682,44.674329],[-111.269695,44.668836],[-111.266818,44.667516],[-111.266603,44.666306],[-111.267066,44.664817],[-111.268883,44.663335],[-111.271869,44.662519],[-111.273323,44.660043],[-111.275221,44.658389],[-111.275608,44.656692],[-111.277592,44.655279],[-111.280589,44.655205],[-111.278492,44.651268],[-111.277065,44.649849],[-111.273774,44.648865],[-111.270143,44.646822],[-111.266504,44.647883],[-111.265259,44.648813],[-111.263797,44.649037],[-111.262565,44.649704],[-111.260081,44.649729],[-111.252611,44.651252],[-111.253085,44.649825],[-111.25136,44.648573],[-111.251258,44.647102],[-111.24925,44.644105],[-111.247698,44.643559],[-111.242657,44.643401],[-111.240104,44.640655],[-111.237577,44.638743],[-111.236946,44.637753],[-111.228008,44.630109],[-111.225496,44.627071],[-111.224418,44.625154],[-111.219333,44.622523],[-111.226659,44.618361],[-111.228711,44.618212],[-111.240903,44.614526],[-111.238957,44.610647],[-111.235094,44.605397],[-111.235612,44.601066],[-111.234124,44.600476],[-111.231875,44.597139],[-111.232557,44.589491],[-111.230827,44.587707],[-111.23116,44.585935],[-111.23216,44.585233],[-111.229497,44.582384],[-111.230197,44.581219],[-111.22762,44.577843],[-111.227646,44.576689],[-111.22463,44.576255],[-111.22046,44.576875],[-111.21888,44.575308],[-111.212663,44.575608],[-111.20731,44.57509],[-111.201506,44.575899],[-111.194711,44.573332],[-111.181045,44.569234],[-111.179974,44.567486],[-111.180914,44.563106],[-111.180544,44.558576],[-111.18086,44.557098],[-111.180762,44.554886],[-111.178655,44.55248],[-111.177113,44.551881],[-111.17636,44.550994],[-111.173771,44.549337],[-111.158909,44.546268],[-111.156458,44.543342],[-111.155129,44.542406],[-111.150582,44.534976],[-111.140802,44.535842],[-111.131397,44.532434],[-111.138583,44.518858],[-111.138634,44.516859],[-111.130675,44.500136],[-111.128393,44.499734],[-111.127399,44.497625],[-111.119691,44.494355],[-111.115077,44.493853],[-111.112853,44.490471],[-111.107229,44.486935],[-111.104491,44.486723],[-111.100933,44.487789],[-111.098888,44.487273],[-111.097319,44.48649],[-111.091982,44.486444],[-111.080574,44.48402],[-111.078398,44.483179],[-111.074803,44.483454],[-111.070179,44.482203],[-111.064688,44.478644],[-111.059986,44.477357],[-111.058015,44.477329],[-111.055797,44.476804],[-111.052449,44.478417],[-111.053336,44.653959],[-111.054078,44.737241],[-111.054572,45.000964],[-110.923392,45.000609],[-110.790134,45.000891],[-110.70449,44.992182],[-110.506991,44.992523],[-110.44586,44.993674],[-110.407129,44.999503],[-110.325211,44.999684],[-110.284786,44.997366],[-110.223981,44.996746],[-110.183233,44.996959],[-110.105788,45.00354],[-109.825675,45.003232],[-109.786102,45.001803],[-109.761108,45.00181],[-109.565211,45.002984],[-109.447582,45.004527],[-109.205678,45.00573],[-109.10323,45.005807],[-109.083146,44.999545],[-108.981608,44.999843],[-108.961607,44.999508],[-108.900968,44.999929],[-108.576087,45.00042],[-108.534389,45.000388],[-108.514051,44.999684],[-108.291267,45.000199],[-108.250992,44.999872],[-108.230604,45.000428],[-108.152374,45.001051],[-108.132262,45.000555],[-107.744959,45.000708],[-107.683997,45.000462],[-107.599856,45.000641],[-107.481718,45.001451],[-107.362993,45.000898],[-107.306779,45.001019],[-107.19652,45.000463],[-107.15628,44.999941],[-107.138047,45.000139],[-107.127838,44.999866],[-107.105602,44.998522],[-107.095568,44.997277],[-107.084829,44.996628],[-107.074585,44.997109],[-107.05482,44.996347],[-106.679734,44.995408],[-106.496328,44.994474],[-106.455452,44.994546],[-106.434925,44.994204],[-106.292606,44.994085],[-106.130103,44.99331],[-105.92831,44.993612],[-105.913235,45.000321],[-105.910808,45.000328],[-105.099951,45.000146],[-105.079533,44.999914],[-104.937182,45.000089],[-104.498841,44.99844],[-104.172077,44.997793],[-104.131386,44.997983],[-104.057739,44.997614],[-104.039657,44.998093],[-104.040267,45.055882],[-104.039984,45.200546],[-104.040409,45.388599],[-104.040751,45.460958],[-104.042325,45.619392],[-104.042349,45.719997],[-104.043361,45.835405],[-104.046859,46.008555],[-104.045925,46.080814],[-104.045485,46.16735],[-104.045468,46.268654],[-104.045758,46.297558],[-104.045505,46.312001],[-104.04521,46.457468],[-104.045241,46.641526],[-104.04601,46.850099],[-104.045793,46.932814],[-104.045003,47.034856],[-104.044755,47.194645],[-104.045016,47.361217],[-104.043981,47.558418],[-104.043885,47.646471],[-104.043291,47.718025],[-104.043583,47.732401],[-104.041453,47.86407],[-104.043809,47.980012],[-104.045507,48.153691],[-104.046029,48.302299],[-104.047517,48.490725],[-104.048869,48.836249],[-104.048703,48.999907],[-104.68504,48.999018],[-105.409289,48.999419],[-105.705794,48.999868],[-106.202574,48.999456],[-107.355601,49.000193],[-107.415612,48.999463],[-107.796601,48.99979],[-108.690745,48.999197],[-108.841115,48.99925],[-109.418211,49.000436],[-109.748004,48.999946]]]}}]}